season,round,race_name,circuit_id,date,driver_id,driver_code,constructor_id,grid,position,points,status
2018,1,Australian Grand Prix,albert_park,2018-03-25,vettel,VET,ferrari,3,1,25.0,Finished
2018,1,Australian Grand Prix,albert_park,2018-03-25,hamilton,HAM,mercedes,1,2,18.0,Finished
2018,1,Australian Grand Prix,albert_park,2018-03-25,raikkonen,RAI,ferrari,2,3,15.0,Finished
2018,1,Australian Grand Prix,albert_park,2018-03-25,ricciardo,RIC,red_bull,8,4,12.0,Finished
2018,1,Australian Grand Prix,albert_park,2018-03-25,alonso,ALO,mclaren,10,5,10.0,Finished
2018,1,Australian Grand Prix,albert_park,2018-03-25,max_verstappen,VER,red_bull,4,6,8.0,Finished
2018,1,Australian Grand Prix,albert_park,2018-03-25,hulkenberg,HUL,renault,7,7,6.0,Finished
2018,1,Australian Grand Prix,albert_park,2018-03-25,bottas,BOT,mercedes,15,8,4.0,Finished
2018,1,Australian Grand Prix,albert_park,2018-03-25,vandoorne,VAN,mclaren,11,9,2.0,Finished
2018,1,Australian Grand Prix,albert_park,2018-03-25,sainz,SAI,renault,9,10,1.0,Finished
2018,1,Australian Grand Prix,albert_park,2018-03-25,perez,PER,force_india,12,11,0.0,Finished
2018,1,Australian Grand Prix,albert_park,2018-03-25,ocon,OCO,force_india,14,12,0.0,Finished
2018,1,Australian Grand Prix,albert_park,2018-03-25,leclerc,LEC,sauber,18,13,0.0,Finished
2018,1,Australian Grand Prix,albert_park,2018-03-25,stroll,STR,williams,13,14,0.0,Finished
2018,1,Australian Grand Prix,albert_park,2018-03-25,brendon_hartley,HAR,toro_rosso,16,15,0.0,+1 Lap
2018,1,Australian Grand Prix,albert_park,2018-03-25,grosjean,GRO,haas,6,16,0.0,Wheel
2018,1,Australian Grand Prix,albert_park,2018-03-25,kevin_magnussen,MAG,haas,5,17,0.0,Wheel
2018,1,Australian Grand Prix,albert_park,2018-03-25,gasly,GAS,toro_rosso,20,18,0.0,Engine
2018,1,Australian Grand Prix,albert_park,2018-03-25,ericsson,ERI,sauber,17,19,0.0,Steering
2018,1,Australian Grand Prix,albert_park,2018-03-25,sirotkin,SIR,williams,19,20,0.0,Brakes
2018,2,Bahrain Grand Prix,bahrain,2018-04-08,vettel,VET,ferrari,1,1,25.0,Finished
2018,2,Bahrain Grand Prix,bahrain,2018-04-08,bottas,BOT,mercedes,3,2,18.0,Finished
2018,2,Bahrain Grand Prix,bahrain,2018-04-08,hamilton,HAM,mercedes,9,3,15.0,Finished
2018,2,Bahrain Grand Prix,bahrain,2018-04-08,gasly,GAS,toro_rosso,5,4,12.0,Finished
2018,2,Bahrain Grand Prix,bahrain,2018-04-08,kevin_magnussen,MAG,haas,6,5,10.0,Finished
2018,2,Bahrain Grand Prix,bahrain,2018-04-08,hulkenberg,HUL,renault,7,6,8.0,Finished
2018,2,Bahrain Grand Prix,bahrain,2018-04-08,alonso,ALO,mclaren,13,7,6.0,+1 Lap
2018,2,Bahrain Grand Prix,bahrain,2018-04-08,vandoorne,VAN,mclaren,14,8,4.0,+1 Lap
2018,2,Bahrain Grand Prix,bahrain,2018-04-08,ericsson,ERI,sauber,17,9,2.0,+1 Lap
2018,2,Bahrain Grand Prix,bahrain,2018-04-08,ocon,OCO,force_india,8,10,1.0,+1 Lap
2018,2,Bahrain Grand Prix,bahrain,2018-04-08,sainz,SAI,renault,10,11,0.0,+1 Lap
2018,2,Bahrain Grand Prix,bahrain,2018-04-08,leclerc,LEC,sauber,19,12,0.0,+1 Lap
2018,2,Bahrain Grand Prix,bahrain,2018-04-08,grosjean,GRO,haas,16,13,0.0,+1 Lap
2018,2,Bahrain Grand Prix,bahrain,2018-04-08,stroll,STR,williams,20,14,0.0,+1 Lap
2018,2,Bahrain Grand Prix,bahrain,2018-04-08,sirotkin,SIR,williams,18,15,0.0,+1 Lap
2018,2,Bahrain Grand Prix,bahrain,2018-04-08,perez,PER,force_india,12,16,0.0,+1 Lap
2018,2,Bahrain Grand Prix,bahrain,2018-04-08,brendon_hartley,HAR,toro_rosso,11,17,0.0,+1 Lap
2018,2,Bahrain Grand Prix,bahrain,2018-04-08,raikkonen,RAI,ferrari,2,18,0.0,Wheel
2018,2,Bahrain Grand Prix,bahrain,2018-04-08,max_verstappen,VER,red_bull,15,19,0.0,Puncture
2018,2,Bahrain Grand Prix,bahrain,2018-04-08,ricciardo,RIC,red_bull,4,20,0.0,Electrical
2018,3,Chinese Grand Prix,shanghai,2018-04-15,ricciardo,RIC,red_bull,6,1,25.0,Finished
2018,3,Chinese Grand Prix,shanghai,2018-04-15,bottas,BOT,mercedes,3,2,18.0,Finished
2018,3,Chinese Grand Prix,shanghai,2018-04-15,raikkonen,RAI,ferrari,2,3,15.0,Finished
2018,3,Chinese Grand Prix,shanghai,2018-04-15,hamilton,HAM,mercedes,4,4,12.0,Finished
2018,3,Chinese Grand Prix,shanghai,2018-04-15,max_verstappen,VER,red_bull,5,5,10.0,Finished
2018,3,Chinese Grand Prix,shanghai,2018-04-15,hulkenberg,HUL,renault,7,6,8.0,Finished
2018,3,Chinese Grand Prix,shanghai,2018-04-15,alonso,ALO,mclaren,13,7,6.0,Finished
2018,3,Chinese Grand Prix,shanghai,2018-04-15,vettel,VET,ferrari,1,8,4.0,Finished
2018,3,Chinese Grand Prix,shanghai,2018-04-15,sainz,SAI,renault,9,9,2.0,Finished
2018,3,Chinese Grand Prix,shanghai,2018-04-15,kevin_magnussen,MAG,haas,11,10,1.0,Finished
2018,3,Chinese Grand Prix,shanghai,2018-04-15,ocon,OCO,force_india,12,11,0.0,Finished
2018,3,Chinese Grand Prix,shanghai,2018-04-15,perez,PER,force_india,8,12,0.0,Finished
2018,3,Chinese Grand Prix,shanghai,2018-04-15,vandoorne,VAN,mclaren,14,13,0.0,Finished
2018,3,Chinese Grand Prix,shanghai,2018-04-15,stroll,STR,williams,18,14,0.0,Finished
2018,3,Chinese Grand Prix,shanghai,2018-04-15,sirotkin,SIR,williams,16,15,0.0,Finished
2018,3,Chinese Grand Prix,shanghai,2018-04-15,ericsson,ERI,sauber,20,16,0.0,Finished
2018,3,Chinese Grand Prix,shanghai,2018-04-15,grosjean,GRO,haas,10,17,0.0,Finished
2018,3,Chinese Grand Prix,shanghai,2018-04-15,gasly,GAS,toro_rosso,17,18,0.0,Finished
2018,3,Chinese Grand Prix,shanghai,2018-04-15,leclerc,LEC,sauber,19,19,0.0,Finished
2018,3,Chinese Grand Prix,shanghai,2018-04-15,brendon_hartley,HAR,toro_rosso,15,20,0.0,Collision damage
2018,4,Azerbaijan Grand Prix,baku,2018-04-29,hamilton,HAM,mercedes,2,1,25.0,Finished
2018,4,Azerbaijan Grand Prix,baku,2018-04-29,raikkonen,RAI,ferrari,6,2,18.0,Finished
2018,4,Azerbaijan Grand Prix,baku,2018-04-29,perez,PER,force_india,8,3,15.0,Finished
2018,4,Azerbaijan Grand Prix,baku,2018-04-29,vettel,VET,ferrari,1,4,12.0,Finished
2018,4,Azerbaijan Grand Prix,baku,2018-04-29,sainz,SAI,renault,9,5,10.0,Finished
2018,4,Azerbaijan Grand Prix,baku,2018-04-29,leclerc,LEC,sauber,13,6,8.0,Finished
2018,4,Azerbaijan Grand Prix,baku,2018-04-29,alonso,ALO,mclaren,12,7,6.0,Finished
2018,4,Azerbaijan Grand Prix,baku,2018-04-29,stroll,STR,williams,10,8,4.0,Finished
2018,4,Azerbaijan Grand Prix,baku,2018-04-29,vandoorne,VAN,mclaren,16,9,2.0,Finished
2018,4,Azerbaijan Grand Prix,baku,2018-04-29,brendon_hartley,HAR,toro_rosso,19,10,1.0,Finished
2018,4,Azerbaijan Grand Prix,baku,2018-04-29,ericsson,ERI,sauber,18,11,0.0,Finished
2018,4,Azerbaijan Grand Prix,baku,2018-04-29,gasly,GAS,toro_rosso,17,12,0.0,Finished
2018,4,Azerbaijan Grand Prix,baku,2018-04-29,kevin_magnussen,MAG,haas,15,13,0.0,Finished
2018,4,Azerbaijan Grand Prix,baku,2018-04-29,bottas,BOT,mercedes,3,14,0.0,Puncture
2018,4,Azerbaijan Grand Prix,baku,2018-04-29,grosjean,GRO,haas,20,15,0.0,Accident
2018,4,Azerbaijan Grand Prix,baku,2018-04-29,max_verstappen,VER,red_bull,5,16,0.0,Collision
2018,4,Azerbaijan Grand Prix,baku,2018-04-29,ricciardo,RIC,red_bull,4,17,0.0,Collision
2018,4,Azerbaijan Grand Prix,baku,2018-04-29,hulkenberg,HUL,renault,14,18,0.0,Accident
2018,4,Azerbaijan Grand Prix,baku,2018-04-29,ocon,OCO,force_india,7,19,0.0,Collision
2018,4,Azerbaijan Grand Prix,baku,2018-04-29,sirotkin,SIR,williams,11,20,0.0,Collision
2018,5,Spanish Grand Prix,catalunya,2018-05-13,hamilton,HAM,mercedes,1,1,25.0,Finished
2018,5,Spanish Grand Prix,catalunya,2018-05-13,bottas,BOT,mercedes,2,2,18.0,Finished
2018,5,Spanish Grand Prix,catalunya,2018-05-13,max_verstappen,VER,red_bull,5,3,15.0,Finished
2018,5,Spanish Grand Prix,catalunya,2018-05-13,vettel,VET,ferrari,3,4,12.0,Finished
2018,5,Spanish Grand Prix,catalunya,2018-05-13,ricciardo,RIC,red_bull,6,5,10.0,Finished
2018,5,Spanish Grand Prix,catalunya,2018-05-13,kevin_magnussen,MAG,haas,7,6,8.0,+1 Lap
2018,5,Spanish Grand Prix,catalunya,2018-05-13,sainz,SAI,renault,9,7,6.0,+1 Lap
2018,5,Spanish Grand Prix,catalunya,2018-05-13,alonso,ALO,mclaren,8,8,4.0,+1 Lap
2018,5,Spanish Grand Prix,catalunya,2018-05-13,perez,PER,force_india,15,9,2.0,+2 Laps
2018,5,Spanish Grand Prix,catalunya,2018-05-13,leclerc,LEC,sauber,14,10,1.0,+2 Laps
2018,5,Spanish Grand Prix,catalunya,2018-05-13,stroll,STR,williams,18,11,0.0,+2 Laps
2018,5,Spanish Grand Prix,catalunya,2018-05-13,brendon_hartley,HAR,toro_rosso,20,12,0.0,+2 Laps
2018,5,Spanish Grand Prix,catalunya,2018-05-13,ericsson,ERI,sauber,17,13,0.0,+2 Laps
2018,5,Spanish Grand Prix,catalunya,2018-05-13,sirotkin,SIR,williams,19,14,0.0,+3 Laps
2018,5,Spanish Grand Prix,catalunya,2018-05-13,vandoorne,VAN,mclaren,11,15,0.0,Gearbox
2018,5,Spanish Grand Prix,catalunya,2018-05-13,ocon,OCO,force_india,13,16,0.0,Oil leak
2018,5,Spanish Grand Prix,catalunya,2018-05-13,raikkonen,RAI,ferrari,4,17,0.0,Turbo
2018,5,Spanish Grand Prix,catalunya,2018-05-13,grosjean,GRO,haas,10,18,0.0,Collision
2018,5,Spanish Grand Prix,catalunya,2018-05-13,gasly,GAS,toro_rosso,12,19,0.0,Collision
2018,5,Spanish Grand Prix,catalunya,2018-05-13,hulkenberg,HUL,renault,16,20,0.0,Collision
2018,6,Monaco Grand Prix,monaco,2018-05-27,ricciardo,RIC,red_bull,1,1,25.0,Finished
2018,6,Monaco Grand Prix,monaco,2018-05-27,vettel,VET,ferrari,2,2,18.0,Finished
2018,6,Monaco Grand Prix,monaco,2018-05-27,hamilton,HAM,mercedes,3,3,15.0,Finished
2018,6,Monaco Grand Prix,monaco,2018-05-27,raikkonen,RAI,ferrari,4,4,12.0,Finished
2018,6,Monaco Grand Prix,monaco,2018-05-27,bottas,BOT,mercedes,5,5,10.0,Finished
2018,6,Monaco Grand Prix,monaco,2018-05-27,ocon,OCO,force_india,6,6,8.0,Finished
2018,6,Monaco Grand Prix,monaco,2018-05-27,gasly,GAS,toro_rosso,10,7,6.0,Finished
2018,6,Monaco Grand Prix,monaco,2018-05-27,hulkenberg,HUL,renault,11,8,4.0,Finished
2018,6,Monaco Grand Prix,monaco,2018-05-27,max_verstappen,VER,red_bull,20,9,2.0,Finished
2018,6,Monaco Grand Prix,monaco,2018-05-27,sainz,SAI,renault,8,10,1.0,Finished
2018,6,Monaco Grand Prix,monaco,2018-05-27,ericsson,ERI,sauber,16,11,0.0,Finished
2018,6,Monaco Grand Prix,monaco,2018-05-27,perez,PER,force_india,9,12,0.0,Finished
2018,6,Monaco Grand Prix,monaco,2018-05-27,kevin_magnussen,MAG,haas,19,13,0.0,Finished
2018,6,Monaco Grand Prix,monaco,2018-05-27,vandoorne,VAN,mclaren,12,14,0.0,+1 Lap
2018,6,Monaco Grand Prix,monaco,2018-05-27,grosjean,GRO,haas,18,15,0.0,+1 Lap
2018,6,Monaco Grand Prix,monaco,2018-05-27,sirotkin,SIR,williams,13,16,0.0,+1 Lap
2018,6,Monaco Grand Prix,monaco,2018-05-27,stroll,STR,williams,17,17,0.0,+2 Laps
2018,6,Monaco Grand Prix,monaco,2018-05-27,leclerc,LEC,sauber,14,18,0.0,Collision
2018,6,Monaco Grand Prix,monaco,2018-05-27,brendon_hartley,HAR,toro_rosso,15,19,0.0,Collision
2018,6,Monaco Grand Prix,monaco,2018-05-27,alonso,ALO,mclaren,7,20,0.0,Gearbox
2018,7,Canadian Grand Prix,villeneuve,2018-06-10,vettel,VET,ferrari,1,1,25.0,Finished
2018,7,Canadian Grand Prix,villeneuve,2018-06-10,bottas,BOT,mercedes,2,2,18.0,Finished
2018,7,Canadian Grand Prix,villeneuve,2018-06-10,max_verstappen,VER,red_bull,3,3,15.0,Finished
2018,7,Canadian Grand Prix,villeneuve,2018-06-10,ricciardo,RIC,red_bull,6,4,12.0,Finished
2018,7,Canadian Grand Prix,villeneuve,2018-06-10,hamilton,HAM,mercedes,4,5,10.0,Finished
2018,7,Canadian Grand Prix,villeneuve,2018-06-10,raikkonen,RAI,ferrari,5,6,8.0,Finished
2018,7,Canadian Grand Prix,villeneuve,2018-06-10,hulkenberg,HUL,renault,7,7,6.0,+1 Lap
2018,7,Canadian Grand Prix,villeneuve,2018-06-10,sainz,SAI,renault,9,8,4.0,+1 Lap
2018,7,Canadian Grand Prix,villeneuve,2018-06-10,ocon,OCO,force_india,8,9,2.0,+1 Lap
2018,7,Canadian Grand Prix,villeneuve,2018-06-10,leclerc,LEC,sauber,13,10,1.0,+1 Lap
2018,7,Canadian Grand Prix,villeneuve,2018-06-10,gasly,GAS,toro_rosso,16,11,0.0,+1 Lap
2018,7,Canadian Grand Prix,villeneuve,2018-06-10,grosjean,GRO,haas,20,12,0.0,+1 Lap
2018,7,Canadian Grand Prix,villeneuve,2018-06-10,kevin_magnussen,MAG,haas,11,13,0.0,+1 Lap
2018,7,Canadian Grand Prix,villeneuve,2018-06-10,perez,PER,force_india,10,14,0.0,+1 Lap
2018,7,Canadian Grand Prix,villeneuve,2018-06-10,ericsson,ERI,sauber,19,15,0.0,+2 Laps
2018,7,Canadian Grand Prix,villeneuve,2018-06-10,vandoorne,VAN,mclaren,15,16,0.0,+2 Laps
2018,7,Canadian Grand Prix,villeneuve,2018-06-10,sirotkin,SIR,williams,18,17,0.0,+2 Laps
2018,7,Canadian Grand Prix,villeneuve,2018-06-10,alonso,ALO,mclaren,14,18,0.0,Exhaust
2018,7,Canadian Grand Prix,villeneuve,2018-06-10,brendon_hartley,HAR,toro_rosso,12,19,0.0,Collision
2018,7,Canadian Grand Prix,villeneuve,2018-06-10,stroll,STR,williams,17,20,0.0,Collision
2018,8,French Grand Prix,ricard,2018-06-24,hamilton,HAM,mercedes,1,1,25.0,Finished
2018,8,French Grand Prix,ricard,2018-06-24,max_verstappen,VER,red_bull,4,2,18.0,Finished
2018,8,French Grand Prix,ricard,2018-06-24,raikkonen,RAI,ferrari,6,3,15.0,Finished
2018,8,French Grand Prix,ricard,2018-06-24,ricciardo,RIC,red_bull,5,4,12.0,Finished
2018,8,French Grand Prix,ricard,2018-06-24,vettel,VET,ferrari,3,5,10.0,Finished
2018,8,French Grand Prix,ricard,2018-06-24,kevin_magnussen,MAG,haas,9,6,8.0,Finished
2018,8,French Grand Prix,ricard,2018-06-24,bottas,BOT,mercedes,2,7,6.0,Finished
2018,8,French Grand Prix,ricard,2018-06-24,sainz,SAI,renault,7,8,4.0,Finished
2018,8,French Grand Prix,ricard,2018-06-24,hulkenberg,HUL,renault,12,9,2.0,Finished
2018,8,French Grand Prix,ricard,2018-06-24,leclerc,LEC,sauber,8,10,1.0,Finished
2018,8,French Grand Prix,ricard,2018-06-24,grosjean,GRO,haas,10,11,0.0,+1 Lap
2018,8,French Grand Prix,ricard,2018-06-24,vandoorne,VAN,mclaren,17,12,0.0,+1 Lap
2018,8,French Grand Prix,ricard,2018-06-24,ericsson,ERI,sauber,15,13,0.0,+1 Lap
2018,8,French Grand Prix,ricard,2018-06-24,brendon_hartley,HAR,toro_rosso,20,14,0.0,+1 Lap
2018,8,French Grand Prix,ricard,2018-06-24,sirotkin,SIR,williams,18,15,0.0,+1 Lap
2018,8,French Grand Prix,ricard,2018-06-24,alonso,ALO,mclaren,16,16,0.0,Wheel
2018,8,French Grand Prix,ricard,2018-06-24,stroll,STR,williams,19,17,0.0,Puncture
2018,8,French Grand Prix,ricard,2018-06-24,perez,PER,force_india,13,18,0.0,Engine
2018,8,French Grand Prix,ricard,2018-06-24,ocon,OCO,force_india,11,19,0.0,Collision
2018,8,French Grand Prix,ricard,2018-06-24,gasly,GAS,toro_rosso,14,20,0.0,Collision
2018,9,Austrian Grand Prix,red_bull_ring,2018-07-01,max_verstappen,VER,red_bull,4,1,25.0,Finished
2018,9,Austrian Grand Prix,red_bull_ring,2018-07-01,raikkonen,RAI,ferrari,3,2,18.0,Finished
2018,9,Austrian Grand Prix,red_bull_ring,2018-07-01,vettel,VET,ferrari,6,3,15.0,Finished
2018,9,Austrian Grand Prix,red_bull_ring,2018-07-01,grosjean,GRO,haas,5,4,12.0,+1 Lap
2018,9,Austrian Grand Prix,red_bull_ring,2018-07-01,kevin_magnussen,MAG,haas,8,5,10.0,+1 Lap
2018,9,Austrian Grand Prix,red_bull_ring,2018-07-01,ocon,OCO,force_india,11,6,8.0,+1 Lap
2018,9,Austrian Grand Prix,red_bull_ring,2018-07-01,perez,PER,force_india,16,7,6.0,+1 Lap
2018,9,Austrian Grand Prix,red_bull_ring,2018-07-01,alonso,ALO,mclaren,13,8,4.0,+1 Lap
2018,9,Austrian Grand Prix,red_bull_ring,2018-07-01,leclerc,LEC,sauber,18,9,2.0,+1 Lap
2018,9,Austrian Grand Prix,red_bull_ring,2018-07-01,ericsson,ERI,sauber,20,10,1.0,+1 Lap
2018,9,Austrian Grand Prix,red_bull_ring,2018-07-01,gasly,GAS,toro_rosso,12,11,0.0,+1 Lap
2018,9,Austrian Grand Prix,red_bull_ring,2018-07-01,sainz,SAI,renault,9,12,0.0,+1 Lap
2018,9,Austrian Grand Prix,red_bull_ring,2018-07-01,sirotkin,SIR,williams,17,13,0.0,+2 Laps
2018,9,Austrian Grand Prix,red_bull_ring,2018-07-01,stroll,STR,williams,14,14,0.0,+2 Laps
2018,9,Austrian Grand Prix,red_bull_ring,2018-07-01,vandoorne,VAN,mclaren,15,15,0.0,Collision damage
2018,9,Austrian Grand Prix,red_bull_ring,2018-07-01,hamilton,HAM,mercedes,2,16,0.0,Fuel pressure
2018,9,Austrian Grand Prix,red_bull_ring,2018-07-01,brendon_hartley,HAR,toro_rosso,19,17,0.0,Hydraulics
2018,9,Austrian Grand Prix,red_bull_ring,2018-07-01,ricciardo,RIC,red_bull,7,18,0.0,Exhaust
2018,9,Austrian Grand Prix,red_bull_ring,2018-07-01,bottas,BOT,mercedes,1,19,0.0,Hydraulics
2018,9,Austrian Grand Prix,red_bull_ring,2018-07-01,hulkenberg,HUL,renault,10,20,0.0,Engine
2018,10,British Grand Prix,silverstone,2018-07-08,vettel,VET,ferrari,2,1,25.0,Finished
2018,10,British Grand Prix,silverstone,2018-07-08,hamilton,HAM,mercedes,1,2,18.0,Finished
2018,10,British Grand Prix,silverstone,2018-07-08,raikkonen,RAI,ferrari,3,3,15.0,Finished
2018,10,British Grand Prix,silverstone,2018-07-08,bottas,BOT,mercedes,4,4,12.0,Finished
2018,10,British Grand Prix,silverstone,2018-07-08,ricciardo,RIC,red_bull,6,5,10.0,Finished
2018,10,British Grand Prix,silverstone,2018-07-08,hulkenberg,HUL,renault,11,6,8.0,Finished
2018,10,British Grand Prix,silverstone,2018-07-08,ocon,OCO,force_india,10,7,6.0,Finished
2018,10,British Grand Prix,silverstone,2018-07-08,alonso,ALO,mclaren,13,8,4.0,Finished
2018,10,British Grand Prix,silverstone,2018-07-08,kevin_magnussen,MAG,haas,7,9,2.0,Finished
2018,10,British Grand Prix,silverstone,2018-07-08,perez,PER,force_india,12,10,1.0,Finished
2018,10,British Grand Prix,silverstone,2018-07-08,vandoorne,VAN,mclaren,17,11,0.0,Finished
2018,10,British Grand Prix,silverstone,2018-07-08,stroll,STR,williams,19,12,0.0,Finished
2018,10,British Grand Prix,silverstone,2018-07-08,gasly,GAS,toro_rosso,14,13,0.0,Finished
2018,10,British Grand Prix,silverstone,2018-07-08,sirotkin,SIR,williams,18,14,0.0,Finished
2018,10,British Grand Prix,silverstone,2018-07-08,max_verstappen,VER,red_bull,5,15,0.0,Brakes
2018,10,British Grand Prix,silverstone,2018-07-08,grosjean,GRO,haas,8,16,0.0,Collision
2018,10,British Grand Prix,silverstone,2018-07-08,sainz,SAI,renault,16,17,0.0,Collision
2018,10,British Grand Prix,silverstone,2018-07-08,ericsson,ERI,sauber,15,18,0.0,Accident
2018,10,British Grand Prix,silverstone,2018-07-08,leclerc,LEC,sauber,9,19,0.0,Tyre
2018,10,British Grand Prix,silverstone,2018-07-08,brendon_hartley,HAR,toro_rosso,0,20,0.0,Power Unit
2018,11,German Grand Prix,hockenheimring,2018-07-22,hamilton,HAM,mercedes,14,1,25.0,Finished
2018,11,German Grand Prix,hockenheimring,2018-07-22,bottas,BOT,mercedes,2,2,18.0,Finished
2018,11,German Grand Prix,hockenheimring,2018-07-22,raikkonen,RAI,ferrari,3,3,15.0,Finished
2018,11,German Grand Prix,hockenheimring,2018-07-22,max_verstappen,VER,red_bull,4,4,12.0,Finished
2018,11,German Grand Prix,hockenheimring,2018-07-22,hulkenberg,HUL,renault,7,5,10.0,Finished
2018,11,German Grand Prix,hockenheimring,2018-07-22,grosjean,GRO,haas,6,6,8.0,Finished
2018,11,German Grand Prix,hockenheimring,2018-07-22,perez,PER,force_india,10,7,6.0,Finished
2018,11,German Grand Prix,hockenheimring,2018-07-22,ocon,OCO,force_india,15,8,4.0,Finished
2018,11,German Grand Prix,hockenheimring,2018-07-22,ericsson,ERI,sauber,13,9,2.0,Finished
2018,11,German Grand Prix,hockenheimring,2018-07-22,brendon_hartley,HAR,toro_rosso,17,10,1.0,Finished
2018,11,German Grand Prix,hockenheimring,2018-07-22,kevin_magnussen,MAG,haas,5,11,0.0,Finished
2018,11,German Grand Prix,hockenheimring,2018-07-22,sainz,SAI,renault,8,12,0.0,Finished
2018,11,German Grand Prix,hockenheimring,2018-07-22,vandoorne,VAN,mclaren,19,13,0.0,Finished
2018,11,German Grand Prix,hockenheimring,2018-07-22,gasly,GAS,toro_rosso,16,14,0.0,+1 Lap
2018,11,German Grand Prix,hockenheimring,2018-07-22,leclerc,LEC,sauber,9,15,0.0,+1 Lap
2018,11,German Grand Prix,hockenheimring,2018-07-22,alonso,ALO,mclaren,11,16,0.0,Retired
2018,11,German Grand Prix,hockenheimring,2018-07-22,stroll,STR,williams,18,17,0.0,Engine
2018,11,German Grand Prix,hockenheimring,2018-07-22,vettel,VET,ferrari,1,18,0.0,Accident
2018,11,German Grand Prix,hockenheimring,2018-07-22,sirotkin,SIR,williams,12,19,0.0,Engine
2018,11,German Grand Prix,hockenheimring,2018-07-22,ricciardo,RIC,red_bull,20,20,0.0,Engine
2018,12,Hungarian Grand Prix,hungaroring,2018-07-29,hamilton,HAM,mercedes,1,1,25.0,Finished
2018,12,Hungarian Grand Prix,hungaroring,2018-07-29,vettel,VET,ferrari,4,2,18.0,Finished
2018,12,Hungarian Grand Prix,hungaroring,2018-07-29,raikkonen,RAI,ferrari,3,3,15.0,Finished
2018,12,Hungarian Grand Prix,hungaroring,2018-07-29,ricciardo,RIC,red_bull,12,4,12.0,Finished
2018,12,Hungarian Grand Prix,hungaroring,2018-07-29,bottas,BOT,mercedes,2,5,10.0,Finished
2018,12,Hungarian Grand Prix,hungaroring,2018-07-29,gasly,GAS,toro_rosso,6,6,8.0,Finished
2018,12,Hungarian Grand Prix,hungaroring,2018-07-29,kevin_magnussen,MAG,haas,9,7,6.0,+1 Lap
2018,12,Hungarian Grand Prix,hungaroring,2018-07-29,alonso,ALO,mclaren,11,8,4.0,+1 Lap
2018,12,Hungarian Grand Prix,hungaroring,2018-07-29,sainz,SAI,renault,5,9,2.0,+1 Lap
2018,12,Hungarian Grand Prix,hungaroring,2018-07-29,grosjean,GRO,haas,10,10,1.0,+1 Lap
2018,12,Hungarian Grand Prix,hungaroring,2018-07-29,brendon_hartley,HAR,toro_rosso,8,11,0.0,+1 Lap
2018,12,Hungarian Grand Prix,hungaroring,2018-07-29,hulkenberg,HUL,renault,13,12,0.0,+1 Lap
2018,12,Hungarian Grand Prix,hungaroring,2018-07-29,ocon,OCO,force_india,18,13,0.0,+1 Lap
2018,12,Hungarian Grand Prix,hungaroring,2018-07-29,perez,PER,force_india,19,14,0.0,+1 Lap
2018,12,Hungarian Grand Prix,hungaroring,2018-07-29,ericsson,ERI,sauber,14,15,0.0,+2 Laps
2018,12,Hungarian Grand Prix,hungaroring,2018-07-29,sirotkin,SIR,williams,20,16,0.0,+2 Laps
2018,12,Hungarian Grand Prix,hungaroring,2018-07-29,stroll,STR,williams,15,17,0.0,+2 Laps
2018,12,Hungarian Grand Prix,hungaroring,2018-07-29,vandoorne,VAN,mclaren,16,18,0.0,Gearbox
2018,12,Hungarian Grand Prix,hungaroring,2018-07-29,max_verstappen,VER,red_bull,7,19,0.0,Power loss
2018,12,Hungarian Grand Prix,hungaroring,2018-07-29,leclerc,LEC,sauber,17,20,0.0,Suspension
2018,13,Belgian Grand Prix,spa,2018-08-26,vettel,VET,ferrari,2,1,25.0,Finished
2018,13,Belgian Grand Prix,spa,2018-08-26,hamilton,HAM,mercedes,1,2,18.0,Finished
2018,13,Belgian Grand Prix,spa,2018-08-26,max_verstappen,VER,red_bull,7,3,15.0,Finished
2018,13,Belgian Grand Prix,spa,2018-08-26,bottas,BOT,mercedes,19,4,12.0,Finished
2018,13,Belgian Grand Prix,spa,2018-08-26,perez,PER,force_india,4,5,10.0,Finished
2018,13,Belgian Grand Prix,spa,2018-08-26,ocon,OCO,force_india,3,6,8.0,Finished
2018,13,Belgian Grand Prix,spa,2018-08-26,grosjean,GRO,haas,5,7,6.0,Finished
2018,13,Belgian Grand Prix,spa,2018-08-26,kevin_magnussen,MAG,haas,9,8,4.0,Finished
2018,13,Belgian Grand Prix,spa,2018-08-26,gasly,GAS,toro_rosso,10,9,2.0,Finished
2018,13,Belgian Grand Prix,spa,2018-08-26,ericsson,ERI,sauber,13,10,1.0,+1 Lap
2018,13,Belgian Grand Prix,spa,2018-08-26,sainz,SAI,renault,14,11,0.0,+1 Lap
2018,13,Belgian Grand Prix,spa,2018-08-26,sirotkin,SIR,williams,16,12,0.0,+1 Lap
2018,13,Belgian Grand Prix,spa,2018-08-26,stroll,STR,williams,17,13,0.0,+1 Lap
2018,13,Belgian Grand Prix,spa,2018-08-26,brendon_hartley,HAR,toro_rosso,11,14,0.0,+1 Lap
2018,13,Belgian Grand Prix,spa,2018-08-26,vandoorne,VAN,mclaren,18,15,0.0,+1 Lap
2018,13,Belgian Grand Prix,spa,2018-08-26,ricciardo,RIC,red_bull,8,16,0.0,Retired
2018,13,Belgian Grand Prix,spa,2018-08-26,raikkonen,RAI,ferrari,6,17,0.0,Brakes
2018,13,Belgian Grand Prix,spa,2018-08-26,leclerc,LEC,sauber,12,18,0.0,Accident
2018,13,Belgian Grand Prix,spa,2018-08-26,alonso,ALO,mclaren,15,19,0.0,Accident
2018,13,Belgian Grand Prix,spa,2018-08-26,hulkenberg,HUL,renault,20,20,0.0,Accident
2018,14,Italian Grand Prix,monza,2018-09-02,hamilton,HAM,mercedes,3,1,25.0,Finished
2018,14,Italian Grand Prix,monza,2018-09-02,raikkonen,RAI,ferrari,1,2,18.0,Finished
2018,14,Italian Grand Prix,monza,2018-09-02,bottas,BOT,mercedes,4,3,15.0,Finished
2018,14,Italian Grand Prix,monza,2018-09-02,vettel,VET,ferrari,2,4,12.0,Finished
2018,14,Italian Grand Prix,monza,2018-09-02,max_verstappen,VER,red_bull,5,5,10.0,Finished
2018,14,Italian Grand Prix,monza,2018-09-02,ocon,OCO,force_india,8,6,8.0,Finished
2018,14,Italian Grand Prix,monza,2018-09-02,perez,PER,force_india,14,7,6.0,Finished
2018,14,Italian Grand Prix,monza,2018-09-02,sainz,SAI,renault,7,8,4.0,Finished
2018,14,Italian Grand Prix,monza,2018-09-02,stroll,STR,williams,10,9,2.0,+1 Lap
2018,14,Italian Grand Prix,monza,2018-09-02,sirotkin,SIR,williams,12,10,1.0,+1 Lap
2018,14,Italian Grand Prix,monza,2018-09-02,leclerc,LEC,sauber,15,11,0.0,+1 Lap
2018,14,Italian Grand Prix,monza,2018-09-02,vandoorne,VAN,mclaren,17,12,0.0,+1 Lap
2018,14,Italian Grand Prix,monza,2018-09-02,hulkenberg,HUL,renault,20,13,0.0,+1 Lap
2018,14,Italian Grand Prix,monza,2018-09-02,gasly,GAS,toro_rosso,9,14,0.0,+1 Lap
2018,14,Italian Grand Prix,monza,2018-09-02,ericsson,ERI,sauber,18,15,0.0,+1 Lap
2018,14,Italian Grand Prix,monza,2018-09-02,kevin_magnussen,MAG,haas,11,16,0.0,+1 Lap
2018,14,Italian Grand Prix,monza,2018-09-02,ricciardo,RIC,red_bull,19,17,0.0,Engine
2018,14,Italian Grand Prix,monza,2018-09-02,alonso,ALO,mclaren,13,18,0.0,Engine
2018,14,Italian Grand Prix,monza,2018-09-02,brendon_hartley,HAR,toro_rosso,16,19,0.0,Brakes
2018,14,Italian Grand Prix,monza,2018-09-02,grosjean,GRO,haas,6,20,0.0,Disqualified
2018,15,Singapore Grand Prix,marina_bay,2018-09-16,hamilton,HAM,mercedes,1,1,25.0,Finished
2018,15,Singapore Grand Prix,marina_bay,2018-09-16,max_verstappen,VER,red_bull,2,2,18.0,Finished
2018,15,Singapore Grand Prix,marina_bay,2018-09-16,vettel,VET,ferrari,3,3,15.0,Finished
2018,15,Singapore Grand Prix,marina_bay,2018-09-16,bottas,BOT,mercedes,4,4,12.0,Finished
2018,15,Singapore Grand Prix,marina_bay,2018-09-16,raikkonen,RAI,ferrari,5,5,10.0,Finished
2018,15,Singapore Grand Prix,marina_bay,2018-09-16,ricciardo,RIC,red_bull,6,6,8.0,Finished
2018,15,Singapore Grand Prix,marina_bay,2018-09-16,alonso,ALO,mclaren,11,7,6.0,Finished
2018,15,Singapore Grand Prix,marina_bay,2018-09-16,sainz,SAI,renault,12,8,4.0,+1 Lap
2018,15,Singapore Grand Prix,marina_bay,2018-09-16,leclerc,LEC,sauber,13,9,2.0,+1 Lap
2018,15,Singapore Grand Prix,marina_bay,2018-09-16,hulkenberg,HUL,renault,10,10,1.0,+1 Lap
2018,15,Singapore Grand Prix,marina_bay,2018-09-16,ericsson,ERI,sauber,14,11,0.0,+1 Lap
2018,15,Singapore Grand Prix,marina_bay,2018-09-16,vandoorne,VAN,mclaren,18,12,0.0,+1 Lap
2018,15,Singapore Grand Prix,marina_bay,2018-09-16,gasly,GAS,toro_rosso,15,13,0.0,+1 Lap
2018,15,Singapore Grand Prix,marina_bay,2018-09-16,stroll,STR,williams,20,14,0.0,+1 Lap
2018,15,Singapore Grand Prix,marina_bay,2018-09-16,grosjean,GRO,haas,8,15,0.0,+1 Lap
2018,15,Singapore Grand Prix,marina_bay,2018-09-16,perez,PER,force_india,7,16,0.0,+1 Lap
2018,15,Singapore Grand Prix,marina_bay,2018-09-16,brendon_hartley,HAR,toro_rosso,17,17,0.0,+1 Lap
2018,15,Singapore Grand Prix,marina_bay,2018-09-16,kevin_magnussen,MAG,haas,16,18,0.0,+2 Laps
2018,15,Singapore Grand Prix,marina_bay,2018-09-16,sirotkin,SIR,williams,19,19,0.0,+2 Laps
2018,15,Singapore Grand Prix,marina_bay,2018-09-16,ocon,OCO,force_india,9,20,0.0,Collision
2018,16,Russian Grand Prix,sochi,2018-09-30,hamilton,HAM,mercedes,2,1,25.0,Finished
2018,16,Russian Grand Prix,sochi,2018-09-30,bottas,BOT,mercedes,1,2,18.0,Finished
2018,16,Russian Grand Prix,sochi,2018-09-30,vettel,VET,ferrari,3,3,15.0,Finished
2018,16,Russian Grand Prix,sochi,2018-09-30,raikkonen,RAI,ferrari,4,4,12.0,Finished
2018,16,Russian Grand Prix,sochi,2018-09-30,max_verstappen,VER,red_bull,19,5,10.0,Finished
2018,16,Russian Grand Prix,sochi,2018-09-30,ricciardo,RIC,red_bull,18,6,8.0,Finished
2018,16,Russian Grand Prix,sochi,2018-09-30,leclerc,LEC,sauber,7,7,6.0,Finished
2018,16,Russian Grand Prix,sochi,2018-09-30,kevin_magnussen,MAG,haas,5,8,4.0,+1 Lap
2018,16,Russian Grand Prix,sochi,2018-09-30,ocon,OCO,force_india,6,9,2.0,+1 Lap
2018,16,Russian Grand Prix,sochi,2018-09-30,perez,PER,force_india,8,10,1.0,+1 Lap
2018,16,Russian Grand Prix,sochi,2018-09-30,grosjean,GRO,haas,9,11,0.0,+1 Lap
2018,16,Russian Grand Prix,sochi,2018-09-30,hulkenberg,HUL,renault,12,12,0.0,+1 Lap
2018,16,Russian Grand Prix,sochi,2018-09-30,ericsson,ERI,sauber,10,13,0.0,+1 Lap
2018,16,Russian Grand Prix,sochi,2018-09-30,alonso,ALO,mclaren,16,14,0.0,+1 Lap
2018,16,Russian Grand Prix,sochi,2018-09-30,stroll,STR,williams,14,15,0.0,+1 Lap
2018,16,Russian Grand Prix,sochi,2018-09-30,vandoorne,VAN,mclaren,15,16,0.0,+2 Laps
2018,16,Russian Grand Prix,sochi,2018-09-30,sainz,SAI,renault,11,17,0.0,+2 Laps
2018,16,Russian Grand Prix,sochi,2018-09-30,sirotkin,SIR,williams,13,18,0.0,+2 Laps
2018,16,Russian Grand Prix,sochi,2018-09-30,gasly,GAS,toro_rosso,17,19,0.0,Brakes
2018,16,Russian Grand Prix,sochi,2018-09-30,brendon_hartley,HAR,toro_rosso,20,20,0.0,Brakes
2018,17,Japanese Grand Prix,suzuka,2018-10-07,hamilton,HAM,mercedes,1,1,25.0,Finished
2018,17,Japanese Grand Prix,suzuka,2018-10-07,bottas,BOT,mercedes,2,2,18.0,Finished
2018,17,Japanese Grand Prix,suzuka,2018-10-07,max_verstappen,VER,red_bull,3,3,15.0,Finished
2018,17,Japanese Grand Prix,suzuka,2018-10-07,ricciardo,RIC,red_bull,15,4,12.0,Finished
2018,17,Japanese Grand Prix,suzuka,2018-10-07,raikkonen,RAI,ferrari,4,5,10.0,Finished
2018,17,Japanese Grand Prix,suzuka,2018-10-07,vettel,VET,ferrari,8,6,8.0,Finished
2018,17,Japanese Grand Prix,suzuka,2018-10-07,perez,PER,force_india,9,7,6.0,Finished
2018,17,Japanese Grand Prix,suzuka,2018-10-07,grosjean,GRO,haas,5,8,4.0,Finished
2018,17,Japanese Grand Prix,suzuka,2018-10-07,ocon,OCO,force_india,11,9,2.0,Finished
2018,17,Japanese Grand Prix,suzuka,2018-10-07,sainz,SAI,renault,13,10,1.0,+1 Lap
2018,17,Japanese Grand Prix,suzuka,2018-10-07,gasly,GAS,toro_rosso,7,11,0.0,+1 Lap
2018,17,Japanese Grand Prix,suzuka,2018-10-07,ericsson,ERI,sauber,20,12,0.0,+1 Lap
2018,17,Japanese Grand Prix,suzuka,2018-10-07,brendon_hartley,HAR,toro_rosso,6,13,0.0,+1 Lap
2018,17,Japanese Grand Prix,suzuka,2018-10-07,alonso,ALO,mclaren,18,14,0.0,+1 Lap
2018,17,Japanese Grand Prix,suzuka,2018-10-07,vandoorne,VAN,mclaren,19,15,0.0,+1 Lap
2018,17,Japanese Grand Prix,suzuka,2018-10-07,sirotkin,SIR,williams,17,16,0.0,+1 Lap
2018,17,Japanese Grand Prix,suzuka,2018-10-07,stroll,STR,williams,14,17,0.0,+1 Lap
2018,17,Japanese Grand Prix,suzuka,2018-10-07,leclerc,LEC,sauber,10,18,0.0,Mechanical
2018,17,Japanese Grand Prix,suzuka,2018-10-07,hulkenberg,HUL,renault,16,19,0.0,Engine
2018,17,Japanese Grand Prix,suzuka,2018-10-07,kevin_magnussen,MAG,haas,12,20,0.0,Collision damage
2018,18,United States Grand Prix,americas,2018-10-21,raikkonen,RAI,ferrari,2,1,25.0,Finished
2018,18,United States Grand Prix,americas,2018-10-21,max_verstappen,VER,red_bull,18,2,18.0,Finished
2018,18,United States Grand Prix,americas,2018-10-21,hamilton,HAM,mercedes,1,3,15.0,Finished
2018,18,United States Grand Prix,americas,2018-10-21,vettel,VET,ferrari,5,4,12.0,Finished
2018,18,United States Grand Prix,americas,2018-10-21,bottas,BOT,mercedes,3,5,10.0,Finished
2018,18,United States Grand Prix,americas,2018-10-21,hulkenberg,HUL,renault,7,6,8.0,Finished
2018,18,United States Grand Prix,americas,2018-10-21,sainz,SAI,renault,11,7,6.0,Finished
2018,18,United States Grand Prix,americas,2018-10-21,perez,PER,force_india,10,8,4.0,Finished
2018,18,United States Grand Prix,americas,2018-10-21,brendon_hartley,HAR,toro_rosso,20,9,2.0,+1 Lap
2018,18,United States Grand Prix,americas,2018-10-21,ericsson,ERI,sauber,16,10,1.0,+1 Lap
2018,18,United States Grand Prix,americas,2018-10-21,vandoorne,VAN,mclaren,17,11,0.0,+1 Lap
2018,18,United States Grand Prix,americas,2018-10-21,gasly,GAS,toro_rosso,19,12,0.0,+1 Lap
2018,18,United States Grand Prix,americas,2018-10-21,sirotkin,SIR,williams,14,13,0.0,+1 Lap
2018,18,United States Grand Prix,americas,2018-10-21,stroll,STR,williams,15,14,0.0,+2 Laps
2018,18,United States Grand Prix,americas,2018-10-21,leclerc,LEC,sauber,9,15,0.0,Collision damage
2018,18,United States Grand Prix,americas,2018-10-21,ricciardo,RIC,red_bull,4,16,0.0,Battery
2018,18,United States Grand Prix,americas,2018-10-21,grosjean,GRO,haas,8,17,0.0,Collision damage
2018,18,United States Grand Prix,americas,2018-10-21,alonso,ALO,mclaren,13,18,0.0,Collision
2018,18,United States Grand Prix,americas,2018-10-21,ocon,OCO,force_india,6,19,0.0,Disqualified
2018,18,United States Grand Prix,americas,2018-10-21,kevin_magnussen,MAG,haas,12,20,0.0,Disqualified
2018,19,Mexican Grand Prix,rodriguez,2018-10-28,max_verstappen,VER,red_bull,2,1,25.0,Finished
2018,19,Mexican Grand Prix,rodriguez,2018-10-28,vettel,VET,ferrari,4,2,18.0,Finished
2018,19,Mexican Grand Prix,rodriguez,2018-10-28,raikkonen,RAI,ferrari,6,3,15.0,Finished
2018,19,Mexican Grand Prix,rodriguez,2018-10-28,hamilton,HAM,mercedes,3,4,12.0,Finished
2018,19,Mexican Grand Prix,rodriguez,2018-10-28,bottas,BOT,mercedes,5,5,10.0,+1 Lap
2018,19,Mexican Grand Prix,rodriguez,2018-10-28,hulkenberg,HUL,renault,7,6,8.0,+2 Laps
2018,19,Mexican Grand Prix,rodriguez,2018-10-28,leclerc,LEC,sauber,9,7,6.0,+2 Laps
2018,19,Mexican Grand Prix,rodriguez,2018-10-28,vandoorne,VAN,mclaren,15,8,4.0,+2 Laps
2018,19,Mexican Grand Prix,rodriguez,2018-10-28,ericsson,ERI,sauber,10,9,2.0,+2 Laps
2018,19,Mexican Grand Prix,rodriguez,2018-10-28,gasly,GAS,toro_rosso,20,10,1.0,+2 Laps
2018,19,Mexican Grand Prix,rodriguez,2018-10-28,ocon,OCO,force_india,11,11,0.0,+2 Laps
2018,19,Mexican Grand Prix,rodriguez,2018-10-28,stroll,STR,williams,17,12,0.0,+2 Laps
2018,19,Mexican Grand Prix,rodriguez,2018-10-28,sirotkin,SIR,williams,19,13,0.0,+2 Laps
2018,19,Mexican Grand Prix,rodriguez,2018-10-28,brendon_hartley,HAR,toro_rosso,14,14,0.0,+2 Laps
2018,19,Mexican Grand Prix,rodriguez,2018-10-28,kevin_magnussen,MAG,haas,16,15,0.0,+2 Laps
2018,19,Mexican Grand Prix,rodriguez,2018-10-28,grosjean,GRO,haas,18,16,0.0,+3 Laps
2018,19,Mexican Grand Prix,rodriguez,2018-10-28,ricciardo,RIC,red_bull,1,17,0.0,Engine
2018,19,Mexican Grand Prix,rodriguez,2018-10-28,perez,PER,force_india,13,18,0.0,Brakes
2018,19,Mexican Grand Prix,rodriguez,2018-10-28,sainz,SAI,renault,8,19,0.0,Suspension
2018,19,Mexican Grand Prix,rodriguez,2018-10-28,alonso,ALO,mclaren,12,20,0.0,Engine
2018,20,Brazilian Grand Prix,interlagos,2018-11-11,hamilton,HAM,mercedes,1,1,25.0,Finished
2018,20,Brazilian Grand Prix,interlagos,2018-11-11,max_verstappen,VER,red_bull,5,2,18.0,Finished
2018,20,Brazilian Grand Prix,interlagos,2018-11-11,raikkonen,RAI,ferrari,4,3,15.0,Finished
2018,20,Brazilian Grand Prix,interlagos,2018-11-11,ricciardo,RIC,red_bull,11,4,12.0,Finished
2018,20,Brazilian Grand Prix,interlagos,2018-11-11,bottas,BOT,mercedes,3,5,10.0,Finished
2018,20,Brazilian Grand Prix,interlagos,2018-11-11,vettel,VET,ferrari,2,6,8.0,Finished
2018,20,Brazilian Grand Prix,interlagos,2018-11-11,leclerc,LEC,sauber,7,7,6.0,Finished
2018,20,Brazilian Grand Prix,interlagos,2018-11-11,grosjean,GRO,haas,8,8,4.0,Finished
2018,20,Brazilian Grand Prix,interlagos,2018-11-11,kevin_magnussen,MAG,haas,10,9,2.0,Finished
2018,20,Brazilian Grand Prix,interlagos,2018-11-11,perez,PER,force_india,12,10,1.0,+1 Lap
2018,20,Brazilian Grand Prix,interlagos,2018-11-11,brendon_hartley,HAR,toro_rosso,16,11,0.0,+1 Lap
2018,20,Brazilian Grand Prix,interlagos,2018-11-11,sainz,SAI,renault,15,12,0.0,+1 Lap
2018,20,Brazilian Grand Prix,interlagos,2018-11-11,gasly,GAS,toro_rosso,9,13,0.0,+1 Lap
2018,20,Brazilian Grand Prix,interlagos,2018-11-11,vandoorne,VAN,mclaren,20,14,0.0,+1 Lap
2018,20,Brazilian Grand Prix,interlagos,2018-11-11,ocon,OCO,force_india,18,15,0.0,+1 Lap
2018,20,Brazilian Grand Prix,interlagos,2018-11-11,sirotkin,SIR,williams,14,16,0.0,+2 Laps
2018,20,Brazilian Grand Prix,interlagos,2018-11-11,alonso,ALO,mclaren,17,17,0.0,+2 Laps
2018,20,Brazilian Grand Prix,interlagos,2018-11-11,stroll,STR,williams,19,18,0.0,+2 Laps
2018,20,Brazilian Grand Prix,interlagos,2018-11-11,hulkenberg,HUL,renault,13,19,0.0,Overheating
2018,20,Brazilian Grand Prix,interlagos,2018-11-11,ericsson,ERI,sauber,6,20,0.0,Collision
2018,21,Abu Dhabi Grand Prix,yas_marina,2018-11-25,hamilton,HAM,mercedes,1,1,25.0,Finished
2018,21,Abu Dhabi Grand Prix,yas_marina,2018-11-25,vettel,VET,ferrari,3,2,18.0,Finished
2018,21,Abu Dhabi Grand Prix,yas_marina,2018-11-25,max_verstappen,VER,red_bull,6,3,15.0,Finished
2018,21,Abu Dhabi Grand Prix,yas_marina,2018-11-25,ricciardo,RIC,red_bull,5,4,12.0,Finished
2018,21,Abu Dhabi Grand Prix,yas_marina,2018-11-25,bottas,BOT,mercedes,2,5,10.0,Finished
2018,21,Abu Dhabi Grand Prix,yas_marina,2018-11-25,sainz,SAI,renault,11,6,8.0,Finished
2018,21,Abu Dhabi Grand Prix,yas_marina,2018-11-25,leclerc,LEC,sauber,8,7,6.0,Finished
2018,21,Abu Dhabi Grand Prix,yas_marina,2018-11-25,perez,PER,force_india,14,8,4.0,Finished
2018,21,Abu Dhabi Grand Prix,yas_marina,2018-11-25,grosjean,GRO,haas,7,9,2.0,+1 Lap
2018,21,Abu Dhabi Grand Prix,yas_marina,2018-11-25,kevin_magnussen,MAG,haas,13,10,1.0,+1 Lap
2018,21,Abu Dhabi Grand Prix,yas_marina,2018-11-25,alonso,ALO,mclaren,15,11,0.0,+1 Lap
2018,21,Abu Dhabi Grand Prix,yas_marina,2018-11-25,brendon_hartley,HAR,toro_rosso,16,12,0.0,+1 Lap
2018,21,Abu Dhabi Grand Prix,yas_marina,2018-11-25,stroll,STR,williams,20,13,0.0,+1 Lap
2018,21,Abu Dhabi Grand Prix,yas_marina,2018-11-25,vandoorne,VAN,mclaren,18,14,0.0,+1 Lap
2018,21,Abu Dhabi Grand Prix,yas_marina,2018-11-25,sirotkin,SIR,williams,19,15,0.0,+1 Lap
2018,21,Abu Dhabi Grand Prix,yas_marina,2018-11-25,gasly,GAS,toro_rosso,17,16,0.0,Engine
2018,21,Abu Dhabi Grand Prix,yas_marina,2018-11-25,ocon,OCO,force_india,9,17,0.0,Engine
2018,21,Abu Dhabi Grand Prix,yas_marina,2018-11-25,ericsson,ERI,sauber,12,18,0.0,Power loss
2018,21,Abu Dhabi Grand Prix,yas_marina,2018-11-25,raikkonen,RAI,ferrari,4,19,0.0,Power loss
2018,21,Abu Dhabi Grand Prix,yas_marina,2018-11-25,hulkenberg,HUL,renault,10,20,0.0,Collision
2019,1,Australian Grand Prix,albert_park,2019-03-17,bottas,BOT,mercedes,2,1,26.0,Finished
2019,1,Australian Grand Prix,albert_park,2019-03-17,hamilton,HAM,mercedes,1,2,18.0,Finished
2019,1,Australian Grand Prix,albert_park,2019-03-17,max_verstappen,VER,red_bull,4,3,15.0,Finished
2019,1,Australian Grand Prix,albert_park,2019-03-17,vettel,VET,ferrari,3,4,12.0,Finished
2019,1,Australian Grand Prix,albert_park,2019-03-17,leclerc,LEC,ferrari,5,5,10.0,Finished
2019,1,Australian Grand Prix,albert_park,2019-03-17,kevin_magnussen,MAG,haas,7,6,8.0,Finished
2019,1,Australian Grand Prix,albert_park,2019-03-17,hulkenberg,HUL,renault,11,7,6.0,+1 Lap
2019,1,Australian Grand Prix,albert_park,2019-03-17,raikkonen,RAI,alfa,9,8,4.0,+1 Lap
2019,1,Australian Grand Prix,albert_park,2019-03-17,stroll,STR,racing_point,16,9,2.0,+1 Lap
2019,1,Australian Grand Prix,albert_park,2019-03-17,kvyat,KVY,toro_rosso,15,10,1.0,+1 Lap
2019,1,Australian Grand Prix,albert_park,2019-03-17,gasly,GAS,red_bull,17,11,0.0,+1 Lap
2019,1,Australian Grand Prix,albert_park,2019-03-17,norris,NOR,mclaren,8,12,0.0,+1 Lap
2019,1,Australian Grand Prix,albert_park,2019-03-17,perez,PER,racing_point,10,13,0.0,+1 Lap
2019,1,Australian Grand Prix,albert_park,2019-03-17,albon,ALB,toro_rosso,13,14,0.0,+1 Lap
2019,1,Australian Grand Prix,albert_park,2019-03-17,giovinazzi,GIO,alfa,14,15,0.0,+1 Lap
2019,1,Australian Grand Prix,albert_park,2019-03-17,russell,RUS,williams,19,16,0.0,+2 Laps
2019,1,Australian Grand Prix,albert_park,2019-03-17,kubica,KUB,williams,20,17,0.0,+3 Laps
2019,1,Australian Grand Prix,albert_park,2019-03-17,grosjean,GRO,haas,6,18,0.0,Wheel
2019,1,Australian Grand Prix,albert_park,2019-03-17,ricciardo,RIC,renault,12,19,0.0,Damage
2019,1,Australian Grand Prix,albert_park,2019-03-17,sainz,SAI,mclaren,18,20,0.0,Engine
2019,2,Bahrain Grand Prix,bahrain,2019-03-31,hamilton,HAM,mercedes,3,1,25.0,Finished
2019,2,Bahrain Grand Prix,bahrain,2019-03-31,bottas,BOT,mercedes,4,2,18.0,Finished
2019,2,Bahrain Grand Prix,bahrain,2019-03-31,leclerc,LEC,ferrari,1,3,16.0,Finished
2019,2,Bahrain Grand Prix,bahrain,2019-03-31,max_verstappen,VER,red_bull,5,4,12.0,Finished
2019,2,Bahrain Grand Prix,bahrain,2019-03-31,vettel,VET,ferrari,2,5,10.0,Finished
2019,2,Bahrain Grand Prix,bahrain,2019-03-31,norris,NOR,mclaren,9,6,8.0,Finished
2019,2,Bahrain Grand Prix,bahrain,2019-03-31,raikkonen,RAI,alfa,8,7,6.0,Finished
2019,2,Bahrain Grand Prix,bahrain,2019-03-31,gasly,GAS,red_bull,13,8,4.0,Finished
2019,2,Bahrain Grand Prix,bahrain,2019-03-31,albon,ALB,toro_rosso,12,9,2.0,Finished
2019,2,Bahrain Grand Prix,bahrain,2019-03-31,perez,PER,racing_point,14,10,1.0,Finished
2019,2,Bahrain Grand Prix,bahrain,2019-03-31,giovinazzi,GIO,alfa,16,11,0.0,Finished
2019,2,Bahrain Grand Prix,bahrain,2019-03-31,kvyat,KVY,toro_rosso,15,12,0.0,+1 Lap
2019,2,Bahrain Grand Prix,bahrain,2019-03-31,kevin_magnussen,MAG,haas,6,13,0.0,+1 Lap
2019,2,Bahrain Grand Prix,bahrain,2019-03-31,stroll,STR,racing_point,18,14,0.0,+1 Lap
2019,2,Bahrain Grand Prix,bahrain,2019-03-31,russell,RUS,williams,19,15,0.0,+1 Lap
2019,2,Bahrain Grand Prix,bahrain,2019-03-31,kubica,KUB,williams,20,16,0.0,+2 Laps
2019,2,Bahrain Grand Prix,bahrain,2019-03-31,hulkenberg,HUL,renault,17,17,0.0,Engine
2019,2,Bahrain Grand Prix,bahrain,2019-03-31,ricciardo,RIC,renault,10,18,0.0,Out of fuel
2019,2,Bahrain Grand Prix,bahrain,2019-03-31,sainz,SAI,mclaren,7,19,0.0,Collision damage
2019,2,Bahrain Grand Prix,bahrain,2019-03-31,grosjean,GRO,haas,11,20,0.0,Retired
2019,3,Chinese Grand Prix,shanghai,2019-04-14,hamilton,HAM,mercedes,2,1,25.0,Finished
2019,3,Chinese Grand Prix,shanghai,2019-04-14,bottas,BOT,mercedes,1,2,18.0,Finished
2019,3,Chinese Grand Prix,shanghai,2019-04-14,vettel,VET,ferrari,3,3,15.0,Finished
2019,3,Chinese Grand Prix,shanghai,2019-04-14,max_verstappen,VER,red_bull,5,4,12.0,Finished
2019,3,Chinese Grand Prix,shanghai,2019-04-14,leclerc,LEC,ferrari,4,5,10.0,Finished
2019,3,Chinese Grand Prix,shanghai,2019-04-14,gasly,GAS,red_bull,6,6,9.0,Finished
2019,3,Chinese Grand Prix,shanghai,2019-04-14,ricciardo,RIC,renault,7,7,6.0,+1 Lap
2019,3,Chinese Grand Prix,shanghai,2019-04-14,perez,PER,racing_point,12,8,4.0,+1 Lap
2019,3,Chinese Grand Prix,shanghai,2019-04-14,raikkonen,RAI,alfa,13,9,2.0,+1 Lap
2019,3,Chinese Grand Prix,shanghai,2019-04-14,albon,ALB,toro_rosso,0,10,1.0,+1 Lap
2019,3,Chinese Grand Prix,shanghai,2019-04-14,grosjean,GRO,haas,10,11,0.0,+1 Lap
2019,3,Chinese Grand Prix,shanghai,2019-04-14,stroll,STR,racing_point,16,12,0.0,+1 Lap
2019,3,Chinese Grand Prix,shanghai,2019-04-14,kevin_magnussen,MAG,haas,9,13,0.0,+1 Lap
2019,3,Chinese Grand Prix,shanghai,2019-04-14,sainz,SAI,mclaren,14,14,0.0,+1 Lap
2019,3,Chinese Grand Prix,shanghai,2019-04-14,giovinazzi,GIO,alfa,19,15,0.0,+1 Lap
2019,3,Chinese Grand Prix,shanghai,2019-04-14,russell,RUS,williams,17,16,0.0,+2 Laps
2019,3,Chinese Grand Prix,shanghai,2019-04-14,kubica,KUB,williams,18,17,0.0,+2 Laps
2019,3,Chinese Grand Prix,shanghai,2019-04-14,norris,NOR,mclaren,15,18,0.0,Collision
2019,3,Chinese Grand Prix,shanghai,2019-04-14,kvyat,KVY,toro_rosso,11,19,0.0,Collision
2019,3,Chinese Grand Prix,shanghai,2019-04-14,hulkenberg,HUL,renault,8,20,0.0,Power Unit
2019,4,Azerbaijan Grand Prix,baku,2019-04-28,bottas,BOT,mercedes,1,1,25.0,Finished
2019,4,Azerbaijan Grand Prix,baku,2019-04-28,hamilton,HAM,mercedes,2,2,18.0,Finished
2019,4,Azerbaijan Grand Prix,baku,2019-04-28,vettel,VET,ferrari,3,3,15.0,Finished
2019,4,Azerbaijan Grand Prix,baku,2019-04-28,max_verstappen,VER,red_bull,4,4,12.0,Finished
2019,4,Azerbaijan Grand Prix,baku,2019-04-28,leclerc,LEC,ferrari,8,5,11.0,Finished
2019,4,Azerbaijan Grand Prix,baku,2019-04-28,perez,PER,racing_point,5,6,8.0,Finished
2019,4,Azerbaijan Grand Prix,baku,2019-04-28,sainz,SAI,mclaren,9,7,6.0,Finished
2019,4,Azerbaijan Grand Prix,baku,2019-04-28,norris,NOR,mclaren,7,8,4.0,Finished
2019,4,Azerbaijan Grand Prix,baku,2019-04-28,stroll,STR,racing_point,13,9,2.0,Finished
2019,4,Azerbaijan Grand Prix,baku,2019-04-28,raikkonen,RAI,alfa,0,10,1.0,+1 Lap
2019,4,Azerbaijan Grand Prix,baku,2019-04-28,albon,ALB,toro_rosso,11,11,0.0,+1 Lap
2019,4,Azerbaijan Grand Prix,baku,2019-04-28,giovinazzi,GIO,alfa,17,12,0.0,+1 Lap
2019,4,Azerbaijan Grand Prix,baku,2019-04-28,kevin_magnussen,MAG,haas,12,13,0.0,+1 Lap
2019,4,Azerbaijan Grand Prix,baku,2019-04-28,hulkenberg,HUL,renault,15,14,0.0,+1 Lap
2019,4,Azerbaijan Grand Prix,baku,2019-04-28,russell,RUS,williams,16,15,0.0,+2 Laps
2019,4,Azerbaijan Grand Prix,baku,2019-04-28,kubica,KUB,williams,0,16,0.0,+2 Laps
2019,4,Azerbaijan Grand Prix,baku,2019-04-28,gasly,GAS,red_bull,0,17,0.0,Transmission
2019,4,Azerbaijan Grand Prix,baku,2019-04-28,grosjean,GRO,haas,14,18,0.0,Brakes
2019,4,Azerbaijan Grand Prix,baku,2019-04-28,kvyat,KVY,toro_rosso,6,19,0.0,Collision
2019,4,Azerbaijan Grand Prix,baku,2019-04-28,ricciardo,RIC,renault,10,20,0.0,Collision
2019,5,Spanish Grand Prix,catalunya,2019-05-12,hamilton,HAM,mercedes,2,1,26.0,Finished
2019,5,Spanish Grand Prix,catalunya,2019-05-12,bottas,BOT,mercedes,1,2,18.0,Finished
2019,5,Spanish Grand Prix,catalunya,2019-05-12,max_verstappen,VER,red_bull,4,3,15.0,Finished
2019,5,Spanish Grand Prix,catalunya,2019-05-12,vettel,VET,ferrari,3,4,12.0,Finished
2019,5,Spanish Grand Prix,catalunya,2019-05-12,leclerc,LEC,ferrari,5,5,10.0,Finished
2019,5,Spanish Grand Prix,catalunya,2019-05-12,gasly,GAS,red_bull,6,6,8.0,Finished
2019,5,Spanish Grand Prix,catalunya,2019-05-12,kevin_magnussen,MAG,haas,8,7,6.0,Finished
2019,5,Spanish Grand Prix,catalunya,2019-05-12,sainz,SAI,mclaren,12,8,4.0,Finished
2019,5,Spanish Grand Prix,catalunya,2019-05-12,kvyat,KVY,toro_rosso,9,9,2.0,Finished
2019,5,Spanish Grand Prix,catalunya,2019-05-12,grosjean,GRO,haas,7,10,1.0,Finished
2019,5,Spanish Grand Prix,catalunya,2019-05-12,albon,ALB,toro_rosso,11,11,0.0,Finished
2019,5,Spanish Grand Prix,catalunya,2019-05-12,ricciardo,RIC,renault,13,12,0.0,Finished
2019,5,Spanish Grand Prix,catalunya,2019-05-12,hulkenberg,HUL,renault,0,13,0.0,Finished
2019,5,Spanish Grand Prix,catalunya,2019-05-12,raikkonen,RAI,alfa,14,14,0.0,Finished
2019,5,Spanish Grand Prix,catalunya,2019-05-12,perez,PER,racing_point,15,15,0.0,Finished
2019,5,Spanish Grand Prix,catalunya,2019-05-12,giovinazzi,GIO,alfa,18,16,0.0,Finished
2019,5,Spanish Grand Prix,catalunya,2019-05-12,russell,RUS,williams,19,17,0.0,+1 Lap
2019,5,Spanish Grand Prix,catalunya,2019-05-12,kubica,KUB,williams,17,18,0.0,+1 Lap
2019,5,Spanish Grand Prix,catalunya,2019-05-12,stroll,STR,racing_point,16,19,0.0,Collision
2019,5,Spanish Grand Prix,catalunya,2019-05-12,norris,NOR,mclaren,10,20,0.0,Collision
2019,6,Monaco Grand Prix,monaco,2019-05-26,hamilton,HAM,mercedes,1,1,25.0,Finished
2019,6,Monaco Grand Prix,monaco,2019-05-26,vettel,VET,ferrari,4,2,18.0,Finished
2019,6,Monaco Grand Prix,monaco,2019-05-26,bottas,BOT,mercedes,2,3,15.0,Finished
2019,6,Monaco Grand Prix,monaco,2019-05-26,max_verstappen,VER,red_bull,3,4,12.0,Finished
2019,6,Monaco Grand Prix,monaco,2019-05-26,gasly,GAS,red_bull,8,5,11.0,Finished
2019,6,Monaco Grand Prix,monaco,2019-05-26,sainz,SAI,mclaren,9,6,8.0,Finished
2019,6,Monaco Grand Prix,monaco,2019-05-26,kvyat,KVY,toro_rosso,7,7,6.0,Finished
2019,6,Monaco Grand Prix,monaco,2019-05-26,albon,ALB,toro_rosso,10,8,4.0,Finished
2019,6,Monaco Grand Prix,monaco,2019-05-26,ricciardo,RIC,renault,6,9,2.0,Finished
2019,6,Monaco Grand Prix,monaco,2019-05-26,grosjean,GRO,haas,13,10,1.0,Finished
2019,6,Monaco Grand Prix,monaco,2019-05-26,norris,NOR,mclaren,12,11,0.0,Finished
2019,6,Monaco Grand Prix,monaco,2019-05-26,perez,PER,racing_point,16,12,0.0,+1 Lap
2019,6,Monaco Grand Prix,monaco,2019-05-26,hulkenberg,HUL,renault,11,13,0.0,+1 Lap
2019,6,Monaco Grand Prix,monaco,2019-05-26,kevin_magnussen,MAG,haas,5,14,0.0,+1 Lap
2019,6,Monaco Grand Prix,monaco,2019-05-26,russell,RUS,williams,19,15,0.0,+1 Lap
2019,6,Monaco Grand Prix,monaco,2019-05-26,stroll,STR,racing_point,17,16,0.0,+1 Lap
2019,6,Monaco Grand Prix,monaco,2019-05-26,raikkonen,RAI,alfa,14,17,0.0,+1 Lap
2019,6,Monaco Grand Prix,monaco,2019-05-26,kubica,KUB,williams,20,18,0.0,+1 Lap
2019,6,Monaco Grand Prix,monaco,2019-05-26,giovinazzi,GIO,alfa,18,19,0.0,+2 Laps
2019,6,Monaco Grand Prix,monaco,2019-05-26,leclerc,LEC,ferrari,15,20,0.0,Collision
2019,7,Canadian Grand Prix,villeneuve,2019-06-09,hamilton,HAM,mercedes,2,1,25.0,Finished
2019,7,Canadian Grand Prix,villeneuve,2019-06-09,vettel,VET,ferrari,1,2,18.0,Finished
2019,7,Canadian Grand Prix,villeneuve,2019-06-09,leclerc,LEC,ferrari,3,3,15.0,Finished
2019,7,Canadian Grand Prix,villeneuve,2019-06-09,bottas,BOT,mercedes,6,4,13.0,Finished
2019,7,Canadian Grand Prix,villeneuve,2019-06-09,max_verstappen,VER,red_bull,9,5,10.0,Finished
2019,7,Canadian Grand Prix,villeneuve,2019-06-09,ricciardo,RIC,renault,4,6,8.0,+1 Lap
2019,7,Canadian Grand Prix,villeneuve,2019-06-09,hulkenberg,HUL,renault,7,7,6.0,+1 Lap
2019,7,Canadian Grand Prix,villeneuve,2019-06-09,gasly,GAS,red_bull,5,8,4.0,+1 Lap
2019,7,Canadian Grand Prix,villeneuve,2019-06-09,stroll,STR,racing_point,17,9,2.0,+1 Lap
2019,7,Canadian Grand Prix,villeneuve,2019-06-09,kvyat,KVY,toro_rosso,10,10,1.0,+1 Lap
2019,7,Canadian Grand Prix,villeneuve,2019-06-09,sainz,SAI,mclaren,11,11,0.0,+1 Lap
2019,7,Canadian Grand Prix,villeneuve,2019-06-09,perez,PER,racing_point,15,12,0.0,+1 Lap
2019,7,Canadian Grand Prix,villeneuve,2019-06-09,giovinazzi,GIO,alfa,12,13,0.0,+1 Lap
2019,7,Canadian Grand Prix,villeneuve,2019-06-09,grosjean,GRO,haas,14,14,0.0,+1 Lap
2019,7,Canadian Grand Prix,villeneuve,2019-06-09,raikkonen,RAI,alfa,16,15,0.0,+1 Lap
2019,7,Canadian Grand Prix,villeneuve,2019-06-09,russell,RUS,williams,18,16,0.0,+2 Laps
2019,7,Canadian Grand Prix,villeneuve,2019-06-09,kevin_magnussen,MAG,haas,0,17,0.0,+2 Laps
2019,7,Canadian Grand Prix,villeneuve,2019-06-09,kubica,KUB,williams,19,18,0.0,+3 Laps
2019,7,Canadian Grand Prix,villeneuve,2019-06-09,albon,ALB,toro_rosso,13,19,0.0,Collision damage
2019,7,Canadian Grand Prix,villeneuve,2019-06-09,norris,NOR,mclaren,8,20,0.0,Suspension
2019,8,French Grand Prix,ricard,2019-06-23,hamilton,HAM,mercedes,1,1,25.0,Finished
2019,8,French Grand Prix,ricard,2019-06-23,bottas,BOT,mercedes,2,2,18.0,Finished
2019,8,French Grand Prix,ricard,2019-06-23,leclerc,LEC,ferrari,3,3,15.0,Finished
2019,8,French Grand Prix,ricard,2019-06-23,max_verstappen,VER,red_bull,4,4,12.0,Finished
2019,8,French Grand Prix,ricard,2019-06-23,vettel,VET,ferrari,7,5,11.0,Finished
2019,8,French Grand Prix,ricard,2019-06-23,sainz,SAI,mclaren,6,6,8.0,Finished
2019,8,French Grand Prix,ricard,2019-06-23,raikkonen,RAI,alfa,12,7,6.0,+1 Lap
2019,8,French Grand Prix,ricard,2019-06-23,hulkenberg,HUL,renault,13,8,4.0,+1 Lap
2019,8,French Grand Prix,ricard,2019-06-23,norris,NOR,mclaren,5,9,2.0,+1 Lap
2019,8,French Grand Prix,ricard,2019-06-23,gasly,GAS,red_bull,9,10,1.0,+1 Lap
2019,8,French Grand Prix,ricard,2019-06-23,ricciardo,RIC,renault,8,11,0.0,+1 Lap
2019,8,French Grand Prix,ricard,2019-06-23,perez,PER,racing_point,14,12,0.0,+1 Lap
2019,8,French Grand Prix,ricard,2019-06-23,stroll,STR,racing_point,17,13,0.0,+1 Lap
2019,8,French Grand Prix,ricard,2019-06-23,kvyat,KVY,toro_rosso,19,14,0.0,+1 Lap
2019,8,French Grand Prix,ricard,2019-06-23,albon,ALB,toro_rosso,11,15,0.0,+1 Lap
2019,8,French Grand Prix,ricard,2019-06-23,giovinazzi,GIO,alfa,10,16,0.0,+1 Lap
2019,8,French Grand Prix,ricard,2019-06-23,kevin_magnussen,MAG,haas,15,17,0.0,+1 Lap
2019,8,French Grand Prix,ricard,2019-06-23,kubica,KUB,williams,18,18,0.0,+2 Laps
2019,8,French Grand Prix,ricard,2019-06-23,russell,RUS,williams,20,19,0.0,+2 Laps
2019,8,French Grand Prix,ricard,2019-06-23,grosjean,GRO,haas,16,20,0.0,Retired
2019,9,Austrian Grand Prix,red_bull_ring,2019-06-30,max_verstappen,VER,red_bull,2,1,26.0,Finished
2019,9,Austrian Grand Prix,red_bull_ring,2019-06-30,leclerc,LEC,ferrari,1,2,18.0,Finished
2019,9,Austrian Grand Prix,red_bull_ring,2019-06-30,bottas,BOT,mercedes,3,3,15.0,Finished
2019,9,Austrian Grand Prix,red_bull_ring,2019-06-30,vettel,VET,ferrari,9,4,12.0,Finished
2019,9,Austrian Grand Prix,red_bull_ring,2019-06-30,hamilton,HAM,mercedes,4,5,10.0,Finished
2019,9,Austrian Grand Prix,red_bull_ring,2019-06-30,norris,NOR,mclaren,5,6,8.0,+1 Lap
2019,9,Austrian Grand Prix,red_bull_ring,2019-06-30,gasly,GAS,red_bull,8,7,6.0,+1 Lap
2019,9,Austrian Grand Prix,red_bull_ring,2019-06-30,sainz,SAI,mclaren,19,8,4.0,+1 Lap
2019,9,Austrian Grand Prix,red_bull_ring,2019-06-30,raikkonen,RAI,alfa,6,9,2.0,+1 Lap
2019,9,Austrian Grand Prix,red_bull_ring,2019-06-30,giovinazzi,GIO,alfa,7,10,1.0,+1 Lap
2019,9,Austrian Grand Prix,red_bull_ring,2019-06-30,perez,PER,racing_point,13,11,0.0,+1 Lap
2019,9,Austrian Grand Prix,red_bull_ring,2019-06-30,ricciardo,RIC,renault,12,12,0.0,+1 Lap
2019,9,Austrian Grand Prix,red_bull_ring,2019-06-30,hulkenberg,HUL,renault,15,13,0.0,+1 Lap
2019,9,Austrian Grand Prix,red_bull_ring,2019-06-30,stroll,STR,racing_point,14,14,0.0,+1 Lap
2019,9,Austrian Grand Prix,red_bull_ring,2019-06-30,albon,ALB,toro_rosso,18,15,0.0,+1 Lap
2019,9,Austrian Grand Prix,red_bull_ring,2019-06-30,grosjean,GRO,haas,11,16,0.0,+1 Lap
2019,9,Austrian Grand Prix,red_bull_ring,2019-06-30,kvyat,KVY,toro_rosso,16,17,0.0,+1 Lap
2019,9,Austrian Grand Prix,red_bull_ring,2019-06-30,russell,RUS,williams,0,18,0.0,+2 Laps
2019,9,Austrian Grand Prix,red_bull_ring,2019-06-30,kevin_magnussen,MAG,haas,10,19,0.0,+2 Laps
2019,9,Austrian Grand Prix,red_bull_ring,2019-06-30,kubica,KUB,williams,17,20,0.0,+3 Laps
2019,10,British Grand Prix,silverstone,2019-07-14,hamilton,HAM,mercedes,2,1,26.0,Finished
2019,10,British Grand Prix,silverstone,2019-07-14,bottas,BOT,mercedes,1,2,18.0,Finished
2019,10,British Grand Prix,silverstone,2019-07-14,leclerc,LEC,ferrari,3,3,15.0,Finished
2019,10,British Grand Prix,silverstone,2019-07-14,gasly,GAS,red_bull,5,4,12.0,Finished
2019,10,British Grand Prix,silverstone,2019-07-14,max_verstappen,VER,red_bull,4,5,10.0,Finished
2019,10,British Grand Prix,silverstone,2019-07-14,sainz,SAI,mclaren,13,6,8.0,Finished
2019,10,British Grand Prix,silverstone,2019-07-14,ricciardo,RIC,renault,7,7,6.0,Finished
2019,10,British Grand Prix,silverstone,2019-07-14,raikkonen,RAI,alfa,12,8,4.0,Finished
2019,10,British Grand Prix,silverstone,2019-07-14,kvyat,KVY,toro_rosso,17,9,2.0,Finished
2019,10,British Grand Prix,silverstone,2019-07-14,hulkenberg,HUL,renault,10,10,1.0,Finished
2019,10,British Grand Prix,silverstone,2019-07-14,norris,NOR,mclaren,8,11,0.0,Finished
2019,10,British Grand Prix,silverstone,2019-07-14,albon,ALB,toro_rosso,9,12,0.0,Finished
2019,10,British Grand Prix,silverstone,2019-07-14,stroll,STR,racing_point,18,13,0.0,Finished
2019,10,British Grand Prix,silverstone,2019-07-14,russell,RUS,williams,19,14,0.0,+1 Lap
2019,10,British Grand Prix,silverstone,2019-07-14,kubica,KUB,williams,20,15,0.0,+1 Lap
2019,10,British Grand Prix,silverstone,2019-07-14,vettel,VET,ferrari,6,16,0.0,+1 Lap
2019,10,British Grand Prix,silverstone,2019-07-14,perez,PER,racing_point,15,17,0.0,+1 Lap
2019,10,British Grand Prix,silverstone,2019-07-14,giovinazzi,GIO,alfa,11,18,0.0,Spun off
2019,10,British Grand Prix,silverstone,2019-07-14,grosjean,GRO,haas,14,19,0.0,Collision
2019,10,British Grand Prix,silverstone,2019-07-14,kevin_magnussen,MAG,haas,16,20,0.0,Collision
2019,11,German Grand Prix,hockenheimring,2019-07-28,max_verstappen,VER,red_bull,2,1,26.0,Finished
2019,11,German Grand Prix,hockenheimring,2019-07-28,vettel,VET,ferrari,20,2,18.0,Finished
2019,11,German Grand Prix,hockenheimring,2019-07-28,kvyat,KVY,toro_rosso,14,3,15.0,Finished
2019,11,German Grand Prix,hockenheimring,2019-07-28,stroll,STR,racing_point,15,4,12.0,Finished
2019,11,German Grand Prix,hockenheimring,2019-07-28,sainz,SAI,mclaren,7,5,10.0,Finished
2019,11,German Grand Prix,hockenheimring,2019-07-28,albon,ALB,toro_rosso,16,6,8.0,Finished
2019,11,German Grand Prix,hockenheimring,2019-07-28,grosjean,GRO,haas,6,7,6.0,Finished
2019,11,German Grand Prix,hockenheimring,2019-07-28,kevin_magnussen,MAG,haas,12,8,4.0,Finished
2019,11,German Grand Prix,hockenheimring,2019-07-28,hamilton,HAM,mercedes,1,9,2.0,Finished
2019,11,German Grand Prix,hockenheimring,2019-07-28,kubica,KUB,williams,18,10,1.0,Finished
2019,11,German Grand Prix,hockenheimring,2019-07-28,russell,RUS,williams,17,11,0.0,Finished
2019,11,German Grand Prix,hockenheimring,2019-07-28,raikkonen,RAI,alfa,5,12,0.0,Finished
2019,11,German Grand Prix,hockenheimring,2019-07-28,giovinazzi,GIO,alfa,11,13,0.0,Finished
2019,11,German Grand Prix,hockenheimring,2019-07-28,gasly,GAS,red_bull,4,14,0.0,Collision
2019,11,German Grand Prix,hockenheimring,2019-07-28,bottas,BOT,mercedes,3,15,0.0,Accident
2019,11,German Grand Prix,hockenheimring,2019-07-28,hulkenberg,HUL,renault,9,16,0.0,Accident
2019,11,German Grand Prix,hockenheimring,2019-07-28,leclerc,LEC,ferrari,10,17,0.0,Accident
2019,11,German Grand Prix,hockenheimring,2019-07-28,norris,NOR,mclaren,19,18,0.0,Power loss
2019,11,German Grand Prix,hockenheimring,2019-07-28,ricciardo,RIC,renault,13,19,0.0,Exhaust
2019,11,German Grand Prix,hockenheimring,2019-07-28,perez,PER,racing_point,8,20,0.0,Spun off
2019,12,Hungarian Grand Prix,hungaroring,2019-08-04,hamilton,HAM,mercedes,3,1,25.0,Finished
2019,12,Hungarian Grand Prix,hungaroring,2019-08-04,max_verstappen,VER,red_bull,1,2,19.0,Finished
2019,12,Hungarian Grand Prix,hungaroring,2019-08-04,vettel,VET,ferrari,5,3,15.0,Finished
2019,12,Hungarian Grand Prix,hungaroring,2019-08-04,leclerc,LEC,ferrari,4,4,12.0,Finished
2019,12,Hungarian Grand Prix,hungaroring,2019-08-04,sainz,SAI,mclaren,8,5,10.0,+1 Lap
2019,12,Hungarian Grand Prix,hungaroring,2019-08-04,gasly,GAS,red_bull,6,6,8.0,+1 Lap
2019,12,Hungarian Grand Prix,hungaroring,2019-08-04,raikkonen,RAI,alfa,10,7,6.0,+1 Lap
2019,12,Hungarian Grand Prix,hungaroring,2019-08-04,bottas,BOT,mercedes,2,8,4.0,+1 Lap
2019,12,Hungarian Grand Prix,hungaroring,2019-08-04,norris,NOR,mclaren,7,9,2.0,+1 Lap
2019,12,Hungarian Grand Prix,hungaroring,2019-08-04,albon,ALB,toro_rosso,12,10,1.0,+1 Lap
2019,12,Hungarian Grand Prix,hungaroring,2019-08-04,perez,PER,racing_point,16,11,0.0,+1 Lap
2019,12,Hungarian Grand Prix,hungaroring,2019-08-04,hulkenberg,HUL,renault,11,12,0.0,+1 Lap
2019,12,Hungarian Grand Prix,hungaroring,2019-08-04,kevin_magnussen,MAG,haas,14,13,0.0,+1 Lap
2019,12,Hungarian Grand Prix,hungaroring,2019-08-04,ricciardo,RIC,renault,20,14,0.0,+1 Lap
2019,12,Hungarian Grand Prix,hungaroring,2019-08-04,kvyat,KVY,toro_rosso,13,15,0.0,+2 Laps
2019,12,Hungarian Grand Prix,hungaroring,2019-08-04,russell,RUS,williams,15,16,0.0,+2 Laps
2019,12,Hungarian Grand Prix,hungaroring,2019-08-04,stroll,STR,racing_point,18,17,0.0,+2 Laps
2019,12,Hungarian Grand Prix,hungaroring,2019-08-04,giovinazzi,GIO,alfa,17,18,0.0,+2 Laps
2019,12,Hungarian Grand Prix,hungaroring,2019-08-04,kubica,KUB,williams,19,19,0.0,+3 Laps
2019,12,Hungarian Grand Prix,hungaroring,2019-08-04,grosjean,GRO,haas,9,20,0.0,Water pressure
2019,13,Belgian Grand Prix,spa,2019-09-01,leclerc,LEC,ferrari,1,1,25.0,Finished
2019,13,Belgian Grand Prix,spa,2019-09-01,hamilton,HAM,mercedes,3,2,18.0,Finished
2019,13,Belgian Grand Prix,spa,2019-09-01,bottas,BOT,mercedes,4,3,15.0,Finished
2019,13,Belgian Grand Prix,spa,2019-09-01,vettel,VET,ferrari,2,4,13.0,Finished
2019,13,Belgian Grand Prix,spa,2019-09-01,albon,ALB,red_bull,17,5,10.0,Finished
2019,13,Belgian Grand Prix,spa,2019-09-01,perez,PER,racing_point,7,6,8.0,Finished
2019,13,Belgian Grand Prix,spa,2019-09-01,kvyat,KVY,toro_rosso,19,7,6.0,Finished
2019,13,Belgian Grand Prix,spa,2019-09-01,hulkenberg,HUL,renault,12,8,4.0,Finished
2019,13,Belgian Grand Prix,spa,2019-09-01,gasly,GAS,toro_rosso,13,9,2.0,Finished
2019,13,Belgian Grand Prix,spa,2019-09-01,stroll,STR,racing_point,16,10,1.0,Finished
2019,13,Belgian Grand Prix,spa,2019-09-01,norris,NOR,mclaren,11,11,0.0,Engine
2019,13,Belgian Grand Prix,spa,2019-09-01,kevin_magnussen,MAG,haas,8,12,0.0,+1 Lap
2019,13,Belgian Grand Prix,spa,2019-09-01,grosjean,GRO,haas,9,13,0.0,+1 Lap
2019,13,Belgian Grand Prix,spa,2019-09-01,ricciardo,RIC,renault,10,14,0.0,+1 Lap
2019,13,Belgian Grand Prix,spa,2019-09-01,russell,RUS,williams,14,15,0.0,+1 Lap
2019,13,Belgian Grand Prix,spa,2019-09-01,raikkonen,RAI,alfa,6,16,0.0,+1 Lap
2019,13,Belgian Grand Prix,spa,2019-09-01,kubica,KUB,williams,0,17,0.0,+1 Lap
2019,13,Belgian Grand Prix,spa,2019-09-01,giovinazzi,GIO,alfa,18,18,0.0,Accident
2019,13,Belgian Grand Prix,spa,2019-09-01,sainz,SAI,mclaren,15,19,0.0,Power loss
2019,13,Belgian Grand Prix,spa,2019-09-01,max_verstappen,VER,red_bull,5,20,0.0,Accident
2019,14,Italian Grand Prix,monza,2019-09-08,leclerc,LEC,ferrari,1,1,25.0,Finished
2019,14,Italian Grand Prix,monza,2019-09-08,bottas,BOT,mercedes,3,2,18.0,Finished
2019,14,Italian Grand Prix,monza,2019-09-08,hamilton,HAM,mercedes,2,3,16.0,Finished
2019,14,Italian Grand Prix,monza,2019-09-08,ricciardo,RIC,renault,5,4,12.0,Finished
2019,14,Italian Grand Prix,monza,2019-09-08,hulkenberg,HUL,renault,6,5,10.0,Finished
2019,14,Italian Grand Prix,monza,2019-09-08,albon,ALB,red_bull,8,6,8.0,Finished
2019,14,Italian Grand Prix,monza,2019-09-08,perez,PER,racing_point,18,7,6.0,Finished
2019,14,Italian Grand Prix,monza,2019-09-08,max_verstappen,VER,red_bull,19,8,4.0,Finished
2019,14,Italian Grand Prix,monza,2019-09-08,giovinazzi,GIO,alfa,10,9,2.0,+1 Lap
2019,14,Italian Grand Prix,monza,2019-09-08,norris,NOR,mclaren,16,10,1.0,+1 Lap
2019,14,Italian Grand Prix,monza,2019-09-08,gasly,GAS,toro_rosso,17,11,0.0,+1 Lap
2019,14,Italian Grand Prix,monza,2019-09-08,stroll,STR,racing_point,9,12,0.0,+1 Lap
2019,14,Italian Grand Prix,monza,2019-09-08,vettel,VET,ferrari,4,13,0.0,+1 Lap
2019,14,Italian Grand Prix,monza,2019-09-08,russell,RUS,williams,14,14,0.0,+1 Lap
2019,14,Italian Grand Prix,monza,2019-09-08,raikkonen,RAI,alfa,0,15,0.0,+1 Lap
2019,14,Italian Grand Prix,monza,2019-09-08,grosjean,GRO,haas,13,16,0.0,+1 Lap
2019,14,Italian Grand Prix,monza,2019-09-08,kubica,KUB,williams,15,17,0.0,+2 Laps
2019,14,Italian Grand Prix,monza,2019-09-08,kevin_magnussen,MAG,haas,11,18,0.0,Hydraulics
2019,14,Italian Grand Prix,monza,2019-09-08,kvyat,KVY,toro_rosso,12,19,0.0,Engine
2019,14,Italian Grand Prix,monza,2019-09-08,sainz,SAI,mclaren,7,20,0.0,Wheel
2019,15,Singapore Grand Prix,marina_bay,2019-09-22,vettel,VET,ferrari,3,1,25.0,Finished
2019,15,Singapore Grand Prix,marina_bay,2019-09-22,leclerc,LEC,ferrari,1,2,18.0,Finished
2019,15,Singapore Grand Prix,marina_bay,2019-09-22,max_verstappen,VER,red_bull,4,3,15.0,Finished
2019,15,Singapore Grand Prix,marina_bay,2019-09-22,hamilton,HAM,mercedes,2,4,12.0,Finished
2019,15,Singapore Grand Prix,marina_bay,2019-09-22,bottas,BOT,mercedes,5,5,10.0,Finished
2019,15,Singapore Grand Prix,marina_bay,2019-09-22,albon,ALB,red_bull,6,6,8.0,Finished
2019,15,Singapore Grand Prix,marina_bay,2019-09-22,norris,NOR,mclaren,9,7,6.0,Finished
2019,15,Singapore Grand Prix,marina_bay,2019-09-22,gasly,GAS,toro_rosso,11,8,4.0,Finished
2019,15,Singapore Grand Prix,marina_bay,2019-09-22,hulkenberg,HUL,renault,8,9,2.0,Finished
2019,15,Singapore Grand Prix,marina_bay,2019-09-22,giovinazzi,GIO,alfa,10,10,1.0,Finished
2019,15,Singapore Grand Prix,marina_bay,2019-09-22,grosjean,GRO,haas,17,11,0.0,Finished
2019,15,Singapore Grand Prix,marina_bay,2019-09-22,sainz,SAI,mclaren,7,12,0.0,Finished
2019,15,Singapore Grand Prix,marina_bay,2019-09-22,stroll,STR,racing_point,16,13,0.0,Finished
2019,15,Singapore Grand Prix,marina_bay,2019-09-22,ricciardo,RIC,renault,20,14,0.0,Finished
2019,15,Singapore Grand Prix,marina_bay,2019-09-22,kvyat,KVY,toro_rosso,14,15,0.0,Finished
2019,15,Singapore Grand Prix,marina_bay,2019-09-22,kubica,KUB,williams,19,16,0.0,Finished
2019,15,Singapore Grand Prix,marina_bay,2019-09-22,kevin_magnussen,MAG,haas,13,17,0.0,Finished
2019,15,Singapore Grand Prix,marina_bay,2019-09-22,raikkonen,RAI,alfa,12,18,0.0,Collision
2019,15,Singapore Grand Prix,marina_bay,2019-09-22,perez,PER,racing_point,15,19,0.0,Engine
2019,15,Singapore Grand Prix,marina_bay,2019-09-22,russell,RUS,williams,18,20,0.0,Collision
2019,16,Russian Grand Prix,sochi,2019-09-29,hamilton,HAM,mercedes,2,1,26.0,Finished
2019,16,Russian Grand Prix,sochi,2019-09-29,bottas,BOT,mercedes,4,2,18.0,Finished
2019,16,Russian Grand Prix,sochi,2019-09-29,leclerc,LEC,ferrari,1,3,15.0,Finished
2019,16,Russian Grand Prix,sochi,2019-09-29,max_verstappen,VER,red_bull,9,4,12.0,Finished
2019,16,Russian Grand Prix,sochi,2019-09-29,albon,ALB,red_bull,0,5,10.0,Finished
2019,16,Russian Grand Prix,sochi,2019-09-29,sainz,SAI,mclaren,5,6,8.0,Finished
2019,16,Russian Grand Prix,sochi,2019-09-29,perez,PER,racing_point,11,7,6.0,Finished
2019,16,Russian Grand Prix,sochi,2019-09-29,norris,NOR,mclaren,7,8,4.0,Finished
2019,16,Russian Grand Prix,sochi,2019-09-29,kevin_magnussen,MAG,haas,13,9,2.0,Finished
2019,16,Russian Grand Prix,sochi,2019-09-29,hulkenberg,HUL,renault,6,10,1.0,Finished
2019,16,Russian Grand Prix,sochi,2019-09-29,stroll,STR,racing_point,14,11,0.0,Finished
2019,16,Russian Grand Prix,sochi,2019-09-29,kvyat,KVY,toro_rosso,19,12,0.0,Finished
2019,16,Russian Grand Prix,sochi,2019-09-29,raikkonen,RAI,alfa,15,13,0.0,Finished
2019,16,Russian Grand Prix,sochi,2019-09-29,gasly,GAS,toro_rosso,16,14,0.0,Finished
2019,16,Russian Grand Prix,sochi,2019-09-29,giovinazzi,GIO,alfa,12,15,0.0,Finished
2019,16,Russian Grand Prix,sochi,2019-09-29,kubica,KUB,williams,18,16,0.0,Brakes
2019,16,Russian Grand Prix,sochi,2019-09-29,russell,RUS,williams,17,17,0.0,Brakes
2019,16,Russian Grand Prix,sochi,2019-09-29,vettel,VET,ferrari,3,18,0.0,Power loss
2019,16,Russian Grand Prix,sochi,2019-09-29,ricciardo,RIC,renault,10,19,0.0,Collision
2019,16,Russian Grand Prix,sochi,2019-09-29,grosjean,GRO,haas,8,20,0.0,Collision
2019,17,Japanese Grand Prix,suzuka,2019-10-13,bottas,BOT,mercedes,3,1,25.0,Finished
2019,17,Japanese Grand Prix,suzuka,2019-10-13,vettel,VET,ferrari,1,2,18.0,Finished
2019,17,Japanese Grand Prix,suzuka,2019-10-13,hamilton,HAM,mercedes,4,3,16.0,Finished
2019,17,Japanese Grand Prix,suzuka,2019-10-13,albon,ALB,red_bull,6,4,12.0,Finished
2019,17,Japanese Grand Prix,suzuka,2019-10-13,sainz,SAI,mclaren,7,5,10.0,Finished
2019,17,Japanese Grand Prix,suzuka,2019-10-13,leclerc,LEC,ferrari,2,6,8.0,+1 Lap
2019,17,Japanese Grand Prix,suzuka,2019-10-13,gasly,GAS,toro_rosso,9,7,6.0,+1 Lap
2019,17,Japanese Grand Prix,suzuka,2019-10-13,perez,PER,racing_point,17,8,4.0,+1 Lap
2019,17,Japanese Grand Prix,suzuka,2019-10-13,stroll,STR,racing_point,12,9,2.0,+1 Lap
2019,17,Japanese Grand Prix,suzuka,2019-10-13,kvyat,KVY,toro_rosso,14,10,1.0,+1 Lap
2019,17,Japanese Grand Prix,suzuka,2019-10-13,norris,NOR,mclaren,8,11,0.0,+1 Lap
2019,17,Japanese Grand Prix,suzuka,2019-10-13,raikkonen,RAI,alfa,13,12,0.0,+1 Lap
2019,17,Japanese Grand Prix,suzuka,2019-10-13,grosjean,GRO,haas,10,13,0.0,+1 Lap
2019,17,Japanese Grand Prix,suzuka,2019-10-13,giovinazzi,GIO,alfa,11,14,0.0,+1 Lap
2019,17,Japanese Grand Prix,suzuka,2019-10-13,kevin_magnussen,MAG,haas,19,15,0.0,+1 Lap
2019,17,Japanese Grand Prix,suzuka,2019-10-13,russell,RUS,williams,18,16,0.0,+2 Laps
2019,17,Japanese Grand Prix,suzuka,2019-10-13,kubica,KUB,williams,0,17,0.0,+2 Laps
2019,17,Japanese Grand Prix,suzuka,2019-10-13,max_verstappen,VER,red_bull,5,18,0.0,Brakes
2019,17,Japanese Grand Prix,suzuka,2019-10-13,ricciardo,RIC,renault,16,19,0.0,Disqualified
2019,17,Japanese Grand Prix,suzuka,2019-10-13,hulkenberg,HUL,renault,15,20,0.0,Disqualified
2019,18,Mexican Grand Prix,rodriguez,2019-10-27,hamilton,HAM,mercedes,3,1,25.0,Finished
2019,18,Mexican Grand Prix,rodriguez,2019-10-27,vettel,VET,ferrari,2,2,18.0,Finished
2019,18,Mexican Grand Prix,rodriguez,2019-10-27,bottas,BOT,mercedes,6,3,15.0,Finished
2019,18,Mexican Grand Prix,rodriguez,2019-10-27,leclerc,LEC,ferrari,1,4,13.0,Finished
2019,18,Mexican Grand Prix,rodriguez,2019-10-27,albon,ALB,red_bull,5,5,10.0,Finished
2019,18,Mexican Grand Prix,rodriguez,2019-10-27,max_verstappen,VER,red_bull,4,6,8.0,Finished
2019,18,Mexican Grand Prix,rodriguez,2019-10-27,perez,PER,racing_point,11,7,6.0,Finished
2019,18,Mexican Grand Prix,rodriguez,2019-10-27,ricciardo,RIC,renault,13,8,4.0,Finished
2019,18,Mexican Grand Prix,rodriguez,2019-10-27,gasly,GAS,toro_rosso,10,9,2.0,+1 Lap
2019,18,Mexican Grand Prix,rodriguez,2019-10-27,hulkenberg,HUL,renault,12,10,1.0,+1 Lap
2019,18,Mexican Grand Prix,rodriguez,2019-10-27,kvyat,KVY,toro_rosso,9,11,0.0,+1 Lap
2019,18,Mexican Grand Prix,rodriguez,2019-10-27,stroll,STR,racing_point,16,12,0.0,+1 Lap
2019,18,Mexican Grand Prix,rodriguez,2019-10-27,sainz,SAI,mclaren,7,13,0.0,+1 Lap
2019,18,Mexican Grand Prix,rodriguez,2019-10-27,giovinazzi,GIO,alfa,15,14,0.0,+1 Lap
2019,18,Mexican Grand Prix,rodriguez,2019-10-27,kevin_magnussen,MAG,haas,17,15,0.0,+2 Laps
2019,18,Mexican Grand Prix,rodriguez,2019-10-27,russell,RUS,williams,19,16,0.0,+2 Laps
2019,18,Mexican Grand Prix,rodriguez,2019-10-27,grosjean,GRO,haas,18,17,0.0,+2 Laps
2019,18,Mexican Grand Prix,rodriguez,2019-10-27,kubica,KUB,williams,20,18,0.0,+2 Laps
2019,18,Mexican Grand Prix,rodriguez,2019-10-27,raikkonen,RAI,alfa,14,19,0.0,Overheating
2019,18,Mexican Grand Prix,rodriguez,2019-10-27,norris,NOR,mclaren,8,20,0.0,Withdrew
2019,19,United States Grand Prix,americas,2019-11-03,bottas,BOT,mercedes,1,1,25.0,Finished
2019,19,United States Grand Prix,americas,2019-11-03,hamilton,HAM,mercedes,5,2,18.0,Finished
2019,19,United States Grand Prix,americas,2019-11-03,max_verstappen,VER,red_bull,3,3,15.0,Finished
2019,19,United States Grand Prix,americas,2019-11-03,leclerc,LEC,ferrari,4,4,13.0,Finished
2019,19,United States Grand Prix,americas,2019-11-03,albon,ALB,red_bull,6,5,10.0,Finished
2019,19,United States Grand Prix,americas,2019-11-03,ricciardo,RIC,renault,9,6,8.0,Finished
2019,19,United States Grand Prix,americas,2019-11-03,norris,NOR,mclaren,8,7,6.0,Finished
2019,19,United States Grand Prix,americas,2019-11-03,sainz,SAI,mclaren,7,8,4.0,+1 Lap
2019,19,United States Grand Prix,americas,2019-11-03,hulkenberg,HUL,renault,11,9,2.0,+1 Lap
2019,19,United States Grand Prix,americas,2019-11-03,perez,PER,racing_point,0,10,1.0,+1 Lap
2019,19,United States Grand Prix,americas,2019-11-03,raikkonen,RAI,alfa,17,11,0.0,+1 Lap
2019,19,United States Grand Prix,americas,2019-11-03,kvyat,KVY,toro_rosso,13,12,0.0,+1 Lap
2019,19,United States Grand Prix,americas,2019-11-03,stroll,STR,racing_point,14,13,0.0,+1 Lap
2019,19,United States Grand Prix,americas,2019-11-03,giovinazzi,GIO,alfa,16,14,0.0,+1 Lap
2019,19,United States Grand Prix,americas,2019-11-03,grosjean,GRO,haas,15,15,0.0,+1 Lap
2019,19,United States Grand Prix,americas,2019-11-03,gasly,GAS,toro_rosso,10,16,0.0,Suspension
2019,19,United States Grand Prix,americas,2019-11-03,russell,RUS,williams,18,17,0.0,+2 Laps
2019,19,United States Grand Prix,americas,2019-11-03,kevin_magnussen,MAG,haas,12,18,0.0,Brakes
2019,19,United States Grand Prix,americas,2019-11-03,kubica,KUB,williams,19,19,0.0,Oil leak
2019,19,United States Grand Prix,americas,2019-11-03,vettel,VET,ferrari,2,20,0.0,Suspension
2019,20,Brazilian Grand Prix,interlagos,2019-11-17,max_verstappen,VER,red_bull,1,1,25.0,Finished
2019,20,Brazilian Grand Prix,interlagos,2019-11-17,gasly,GAS,toro_rosso,6,2,18.0,Finished
2019,20,Brazilian Grand Prix,interlagos,2019-11-17,sainz,SAI,mclaren,20,3,15.0,Finished
2019,20,Brazilian Grand Prix,interlagos,2019-11-17,raikkonen,RAI,alfa,8,4,12.0,Finished
2019,20,Brazilian Grand Prix,interlagos,2019-11-17,giovinazzi,GIO,alfa,12,5,10.0,Finished
2019,20,Brazilian Grand Prix,interlagos,2019-11-17,ricciardo,RIC,renault,11,6,8.0,Finished
2019,20,Brazilian Grand Prix,interlagos,2019-11-17,hamilton,HAM,mercedes,3,7,6.0,Finished
2019,20,Brazilian Grand Prix,interlagos,2019-11-17,norris,NOR,mclaren,10,8,4.0,Finished
2019,20,Brazilian Grand Prix,interlagos,2019-11-17,perez,PER,racing_point,15,9,2.0,Finished
2019,20,Brazilian Grand Prix,interlagos,2019-11-17,kvyat,KVY,toro_rosso,16,10,1.0,Finished
2019,20,Brazilian Grand Prix,interlagos,2019-11-17,kevin_magnussen,MAG,haas,9,11,0.0,Finished
2019,20,Brazilian Grand Prix,interlagos,2019-11-17,russell,RUS,williams,18,12,0.0,Finished
2019,20,Brazilian Grand Prix,interlagos,2019-11-17,grosjean,GRO,haas,7,13,0.0,Finished
2019,20,Brazilian Grand Prix,interlagos,2019-11-17,albon,ALB,red_bull,5,14,0.0,Finished
2019,20,Brazilian Grand Prix,interlagos,2019-11-17,hulkenberg,HUL,renault,13,15,0.0,Finished
2019,20,Brazilian Grand Prix,interlagos,2019-11-17,kubica,KUB,williams,19,16,0.0,+1 Lap
2019,20,Brazilian Grand Prix,interlagos,2019-11-17,vettel,VET,ferrari,2,17,0.0,Collision
2019,20,Brazilian Grand Prix,interlagos,2019-11-17,leclerc,LEC,ferrari,14,18,0.0,Collision
2019,20,Brazilian Grand Prix,interlagos,2019-11-17,stroll,STR,racing_point,17,19,0.0,Suspension
2019,20,Brazilian Grand Prix,interlagos,2019-11-17,bottas,BOT,mercedes,4,20,0.0,Power Unit
2019,21,Abu Dhabi Grand Prix,yas_marina,2019-12-01,hamilton,HAM,mercedes,1,1,26.0,Finished
2019,21,Abu Dhabi Grand Prix,yas_marina,2019-12-01,max_verstappen,VER,red_bull,2,2,18.0,Finished
2019,21,Abu Dhabi Grand Prix,yas_marina,2019-12-01,leclerc,LEC,ferrari,3,3,15.0,Finished
2019,21,Abu Dhabi Grand Prix,yas_marina,2019-12-01,bottas,BOT,mercedes,20,4,12.0,Finished
2019,21,Abu Dhabi Grand Prix,yas_marina,2019-12-01,vettel,VET,ferrari,4,5,10.0,Finished
2019,21,Abu Dhabi Grand Prix,yas_marina,2019-12-01,albon,ALB,red_bull,5,6,8.0,Finished
2019,21,Abu Dhabi Grand Prix,yas_marina,2019-12-01,perez,PER,racing_point,10,7,6.0,+1 Lap
2019,21,Abu Dhabi Grand Prix,yas_marina,2019-12-01,norris,NOR,mclaren,6,8,4.0,+1 Lap
2019,21,Abu Dhabi Grand Prix,yas_marina,2019-12-01,kvyat,KVY,toro_rosso,13,9,2.0,+1 Lap
2019,21,Abu Dhabi Grand Prix,yas_marina,2019-12-01,sainz,SAI,mclaren,8,10,1.0,+1 Lap
2019,21,Abu Dhabi Grand Prix,yas_marina,2019-12-01,ricciardo,RIC,renault,7,11,0.0,+1 Lap
2019,21,Abu Dhabi Grand Prix,yas_marina,2019-12-01,hulkenberg,HUL,renault,9,12,0.0,+1 Lap
2019,21,Abu Dhabi Grand Prix,yas_marina,2019-12-01,raikkonen,RAI,alfa,17,13,0.0,+1 Lap
2019,21,Abu Dhabi Grand Prix,yas_marina,2019-12-01,kevin_magnussen,MAG,haas,14,14,0.0,+1 Lap
2019,21,Abu Dhabi Grand Prix,yas_marina,2019-12-01,grosjean,GRO,haas,15,15,0.0,+1 Lap
2019,21,Abu Dhabi Grand Prix,yas_marina,2019-12-01,giovinazzi,GIO,alfa,16,16,0.0,+1 Lap
2019,21,Abu Dhabi Grand Prix,yas_marina,2019-12-01,russell,RUS,williams,18,17,0.0,+1 Lap
2019,21,Abu Dhabi Grand Prix,yas_marina,2019-12-01,gasly,GAS,toro_rosso,11,18,0.0,+2 Laps
2019,21,Abu Dhabi Grand Prix,yas_marina,2019-12-01,kubica,KUB,williams,19,19,0.0,+2 Laps
2019,21,Abu Dhabi Grand Prix,yas_marina,2019-12-01,stroll,STR,racing_point,12,20,0.0,Brakes
2020,1,Austrian Grand Prix,red_bull_ring,2020-07-05,bottas,BOT,mercedes,1,1,25.0,Finished
2020,1,Austrian Grand Prix,red_bull_ring,2020-07-05,leclerc,LEC,ferrari,7,2,18.0,Finished
2020,1,Austrian Grand Prix,red_bull_ring,2020-07-05,norris,NOR,mclaren,3,3,16.0,Finished
2020,1,Austrian Grand Prix,red_bull_ring,2020-07-05,hamilton,HAM,mercedes,5,4,12.0,Finished
2020,1,Austrian Grand Prix,red_bull_ring,2020-07-05,sainz,SAI,mclaren,8,5,10.0,Finished
2020,1,Austrian Grand Prix,red_bull_ring,2020-07-05,perez,PER,racing_point,6,6,8.0,Finished
2020,1,Austrian Grand Prix,red_bull_ring,2020-07-05,gasly,GAS,alphatauri,12,7,6.0,Finished
2020,1,Austrian Grand Prix,red_bull_ring,2020-07-05,ocon,OCO,renault,14,8,4.0,Finished
2020,1,Austrian Grand Prix,red_bull_ring,2020-07-05,giovinazzi,GIO,alfa,18,9,2.0,Finished
2020,1,Austrian Grand Prix,red_bull_ring,2020-07-05,vettel,VET,ferrari,11,10,1.0,Finished
2020,1,Austrian Grand Prix,red_bull_ring,2020-07-05,latifi,LAT,williams,20,11,0.0,Finished
2020,1,Austrian Grand Prix,red_bull_ring,2020-07-05,kvyat,KVY,alphatauri,13,12,0.0,Suspension
2020,1,Austrian Grand Prix,red_bull_ring,2020-07-05,albon,ALB,red_bull,4,13,0.0,Electronics
2020,1,Austrian Grand Prix,red_bull_ring,2020-07-05,raikkonen,RAI,alfa,19,14,0.0,Wheel
2020,1,Austrian Grand Prix,red_bull_ring,2020-07-05,russell,RUS,williams,17,15,0.0,Fuel pressure
2020,1,Austrian Grand Prix,red_bull_ring,2020-07-05,grosjean,GRO,haas,15,16,0.0,Brakes
2020,1,Austrian Grand Prix,red_bull_ring,2020-07-05,kevin_magnussen,MAG,haas,16,17,0.0,Brakes
2020,1,Austrian Grand Prix,red_bull_ring,2020-07-05,stroll,STR,racing_point,9,18,0.0,Engine
2020,1,Austrian Grand Prix,red_bull_ring,2020-07-05,ricciardo,RIC,renault,10,19,0.0,Overheating
2020,1,Austrian Grand Prix,red_bull_ring,2020-07-05,max_verstappen,VER,red_bull,2,20,0.0,Electronics
2020,2,Styrian Grand Prix,red_bull_ring,2020-07-12,hamilton,HAM,mercedes,1,1,25.0,Finished
2020,2,Styrian Grand Prix,red_bull_ring,2020-07-12,bottas,BOT,mercedes,4,2,18.0,Finished
2020,2,Styrian Grand Prix,red_bull_ring,2020-07-12,max_verstappen,VER,red_bull,2,3,15.0,Finished
2020,2,Styrian Grand Prix,red_bull_ring,2020-07-12,albon,ALB,red_bull,6,4,12.0,Finished
2020,2,Styrian Grand Prix,red_bull_ring,2020-07-12,norris,NOR,mclaren,9,5,10.0,Finished
2020,2,Styrian Grand Prix,red_bull_ring,2020-07-12,perez,PER,racing_point,17,6,8.0,Finished
2020,2,Styrian Grand Prix,red_bull_ring,2020-07-12,stroll,STR,racing_point,12,7,6.0,Finished
2020,2,Styrian Grand Prix,red_bull_ring,2020-07-12,ricciardo,RIC,renault,8,8,4.0,Finished
2020,2,Styrian Grand Prix,red_bull_ring,2020-07-12,sainz,SAI,mclaren,3,9,3.0,+1 Lap
2020,2,Styrian Grand Prix,red_bull_ring,2020-07-12,kvyat,KVY,alphatauri,13,10,1.0,+1 Lap
2020,2,Styrian Grand Prix,red_bull_ring,2020-07-12,raikkonen,RAI,alfa,16,11,0.0,+1 Lap
2020,2,Styrian Grand Prix,red_bull_ring,2020-07-12,kevin_magnussen,MAG,haas,15,12,0.0,+1 Lap
2020,2,Styrian Grand Prix,red_bull_ring,2020-07-12,grosjean,GRO,haas,0,13,0.0,+1 Lap
2020,2,Styrian Grand Prix,red_bull_ring,2020-07-12,giovinazzi,GIO,alfa,19,14,0.0,+1 Lap
2020,2,Styrian Grand Prix,red_bull_ring,2020-07-12,gasly,GAS,alphatauri,7,15,0.0,+1 Lap
2020,2,Styrian Grand Prix,red_bull_ring,2020-07-12,russell,RUS,williams,11,16,0.0,+2 Laps
2020,2,Styrian Grand Prix,red_bull_ring,2020-07-12,latifi,LAT,williams,18,17,0.0,+2 Laps
2020,2,Styrian Grand Prix,red_bull_ring,2020-07-12,ocon,OCO,renault,5,18,0.0,Overheating
2020,2,Styrian Grand Prix,red_bull_ring,2020-07-12,leclerc,LEC,ferrari,14,19,0.0,Collision damage
2020,2,Styrian Grand Prix,red_bull_ring,2020-07-12,vettel,VET,ferrari,10,20,0.0,Collision damage
2020,3,Hungarian Grand Prix,hungaroring,2020-07-19,hamilton,HAM,mercedes,1,1,26.0,Finished
2020,3,Hungarian Grand Prix,hungaroring,2020-07-19,max_verstappen,VER,red_bull,7,2,18.0,Finished
2020,3,Hungarian Grand Prix,hungaroring,2020-07-19,bottas,BOT,mercedes,2,3,15.0,Finished
2020,3,Hungarian Grand Prix,hungaroring,2020-07-19,stroll,STR,racing_point,3,4,12.0,Finished
2020,3,Hungarian Grand Prix,hungaroring,2020-07-19,albon,ALB,red_bull,13,5,10.0,Finished
2020,3,Hungarian Grand Prix,hungaroring,2020-07-19,vettel,VET,ferrari,5,6,8.0,+1 Lap
2020,3,Hungarian Grand Prix,hungaroring,2020-07-19,perez,PER,racing_point,4,7,6.0,+1 Lap
2020,3,Hungarian Grand Prix,hungaroring,2020-07-19,ricciardo,RIC,renault,11,8,4.0,+1 Lap
2020,3,Hungarian Grand Prix,hungaroring,2020-07-19,sainz,SAI,mclaren,9,9,2.0,+1 Lap
2020,3,Hungarian Grand Prix,hungaroring,2020-07-19,kevin_magnussen,MAG,haas,0,10,1.0,+1 Lap
2020,3,Hungarian Grand Prix,hungaroring,2020-07-19,leclerc,LEC,ferrari,6,11,0.0,+1 Lap
2020,3,Hungarian Grand Prix,hungaroring,2020-07-19,kvyat,KVY,alphatauri,17,12,0.0,+1 Lap
2020,3,Hungarian Grand Prix,hungaroring,2020-07-19,norris,NOR,mclaren,8,13,0.0,+1 Lap
2020,3,Hungarian Grand Prix,hungaroring,2020-07-19,ocon,OCO,renault,14,14,0.0,+1 Lap
2020,3,Hungarian Grand Prix,hungaroring,2020-07-19,raikkonen,RAI,alfa,20,15,0.0,+1 Lap
2020,3,Hungarian Grand Prix,hungaroring,2020-07-19,grosjean,GRO,haas,0,16,0.0,+1 Lap
2020,3,Hungarian Grand Prix,hungaroring,2020-07-19,giovinazzi,GIO,alfa,19,17,0.0,+1 Lap
2020,3,Hungarian Grand Prix,hungaroring,2020-07-19,russell,RUS,williams,12,18,0.0,+1 Lap
2020,3,Hungarian Grand Prix,hungaroring,2020-07-19,latifi,LAT,williams,15,19,0.0,+5 Laps
2020,3,Hungarian Grand Prix,hungaroring,2020-07-19,gasly,GAS,alphatauri,10,20,0.0,Engine
2020,4,British Grand Prix,silverstone,2020-08-02,hamilton,HAM,mercedes,1,1,25.0,Finished
2020,4,British Grand Prix,silverstone,2020-08-02,max_verstappen,VER,red_bull,3,2,19.0,Finished
2020,4,British Grand Prix,silverstone,2020-08-02,leclerc,LEC,ferrari,4,3,15.0,Finished
2020,4,British Grand Prix,silverstone,2020-08-02,ricciardo,RIC,renault,8,4,12.0,Finished
2020,4,British Grand Prix,silverstone,2020-08-02,norris,NOR,mclaren,5,5,10.0,Finished
2020,4,British Grand Prix,silverstone,2020-08-02,ocon,OCO,renault,9,6,8.0,Finished
2020,4,British Grand Prix,silverstone,2020-08-02,gasly,GAS,alphatauri,11,7,6.0,Finished
2020,4,British Grand Prix,silverstone,2020-08-02,albon,ALB,red_bull,12,8,4.0,Finished
2020,4,British Grand Prix,silverstone,2020-08-02,stroll,STR,racing_point,6,9,2.0,Finished
2020,4,British Grand Prix,silverstone,2020-08-02,vettel,VET,ferrari,10,10,1.0,Finished
2020,4,British Grand Prix,silverstone,2020-08-02,bottas,BOT,mercedes,2,11,0.0,Finished
2020,4,British Grand Prix,silverstone,2020-08-02,russell,RUS,williams,20,12,0.0,Finished
2020,4,British Grand Prix,silverstone,2020-08-02,sainz,SAI,mclaren,7,13,0.0,Finished
2020,4,British Grand Prix,silverstone,2020-08-02,giovinazzi,GIO,alfa,15,14,0.0,Finished
2020,4,British Grand Prix,silverstone,2020-08-02,latifi,LAT,williams,18,15,0.0,Finished
2020,4,British Grand Prix,silverstone,2020-08-02,grosjean,GRO,haas,17,16,0.0,Finished
2020,4,British Grand Prix,silverstone,2020-08-02,raikkonen,RAI,alfa,16,17,0.0,+1 Lap
2020,4,British Grand Prix,silverstone,2020-08-02,kvyat,KVY,alphatauri,19,18,0.0,Accident
2020,4,British Grand Prix,silverstone,2020-08-02,kevin_magnussen,MAG,haas,14,19,0.0,Collision
2020,4,British Grand Prix,silverstone,2020-08-02,hulkenberg,HUL,racing_point,13,20,0.0,Power Unit
2020,5,70th Anniversary Grand Prix,silverstone,2020-08-09,max_verstappen,VER,red_bull,4,1,25.0,Finished
2020,5,70th Anniversary Grand Prix,silverstone,2020-08-09,hamilton,HAM,mercedes,2,2,19.0,Finished
2020,5,70th Anniversary Grand Prix,silverstone,2020-08-09,bottas,BOT,mercedes,1,3,15.0,Finished
2020,5,70th Anniversary Grand Prix,silverstone,2020-08-09,leclerc,LEC,ferrari,8,4,12.0,Finished
2020,5,70th Anniversary Grand Prix,silverstone,2020-08-09,albon,ALB,red_bull,9,5,10.0,Finished
2020,5,70th Anniversary Grand Prix,silverstone,2020-08-09,stroll,STR,racing_point,6,6,8.0,Finished
2020,5,70th Anniversary Grand Prix,silverstone,2020-08-09,hulkenberg,HUL,racing_point,3,7,6.0,Finished
2020,5,70th Anniversary Grand Prix,silverstone,2020-08-09,ocon,OCO,renault,14,8,4.0,Finished
2020,5,70th Anniversary Grand Prix,silverstone,2020-08-09,norris,NOR,mclaren,10,9,2.0,Finished
2020,5,70th Anniversary Grand Prix,silverstone,2020-08-09,kvyat,KVY,alphatauri,16,10,1.0,Finished
2020,5,70th Anniversary Grand Prix,silverstone,2020-08-09,gasly,GAS,alphatauri,7,11,0.0,Finished
2020,5,70th Anniversary Grand Prix,silverstone,2020-08-09,vettel,VET,ferrari,11,12,0.0,Finished
2020,5,70th Anniversary Grand Prix,silverstone,2020-08-09,sainz,SAI,mclaren,12,13,0.0,Finished
2020,5,70th Anniversary Grand Prix,silverstone,2020-08-09,ricciardo,RIC,renault,5,14,0.0,+1 Lap
2020,5,70th Anniversary Grand Prix,silverstone,2020-08-09,raikkonen,RAI,alfa,20,15,0.0,+1 Lap
2020,5,70th Anniversary Grand Prix,silverstone,2020-08-09,grosjean,GRO,haas,13,16,0.0,+1 Lap
2020,5,70th Anniversary Grand Prix,silverstone,2020-08-09,giovinazzi,GIO,alfa,19,17,0.0,+1 Lap
2020,5,70th Anniversary Grand Prix,silverstone,2020-08-09,russell,RUS,williams,15,18,0.0,+1 Lap
2020,5,70th Anniversary Grand Prix,silverstone,2020-08-09,latifi,LAT,williams,18,19,0.0,+1 Lap
2020,5,70th Anniversary Grand Prix,silverstone,2020-08-09,kevin_magnussen,MAG,haas,17,20,0.0,Retired
2020,6,Spanish Grand Prix,catalunya,2020-08-16,hamilton,HAM,mercedes,1,1,25.0,Finished
2020,6,Spanish Grand Prix,catalunya,2020-08-16,max_verstappen,VER,red_bull,3,2,18.0,Finished
2020,6,Spanish Grand Prix,catalunya,2020-08-16,bottas,BOT,mercedes,2,3,16.0,Finished
2020,6,Spanish Grand Prix,catalunya,2020-08-16,stroll,STR,racing_point,5,4,12.0,+1 Lap
2020,6,Spanish Grand Prix,catalunya,2020-08-16,perez,PER,racing_point,4,5,10.0,+1 Lap
2020,6,Spanish Grand Prix,catalunya,2020-08-16,sainz,SAI,mclaren,7,6,8.0,+1 Lap
2020,6,Spanish Grand Prix,catalunya,2020-08-16,vettel,VET,ferrari,11,7,6.0,+1 Lap
2020,6,Spanish Grand Prix,catalunya,2020-08-16,albon,ALB,red_bull,6,8,4.0,+1 Lap
2020,6,Spanish Grand Prix,catalunya,2020-08-16,gasly,GAS,alphatauri,10,9,2.0,+1 Lap
2020,6,Spanish Grand Prix,catalunya,2020-08-16,norris,NOR,mclaren,8,10,1.0,+1 Lap
2020,6,Spanish Grand Prix,catalunya,2020-08-16,ricciardo,RIC,renault,13,11,0.0,+1 Lap
2020,6,Spanish Grand Prix,catalunya,2020-08-16,kvyat,KVY,alphatauri,12,12,0.0,+1 Lap
2020,6,Spanish Grand Prix,catalunya,2020-08-16,ocon,OCO,renault,15,13,0.0,+1 Lap
2020,6,Spanish Grand Prix,catalunya,2020-08-16,raikkonen,RAI,alfa,14,14,0.0,+1 Lap
2020,6,Spanish Grand Prix,catalunya,2020-08-16,kevin_magnussen,MAG,haas,16,15,0.0,+1 Lap
2020,6,Spanish Grand Prix,catalunya,2020-08-16,giovinazzi,GIO,alfa,20,16,0.0,+1 Lap
2020,6,Spanish Grand Prix,catalunya,2020-08-16,russell,RUS,williams,18,17,0.0,+1 Lap
2020,6,Spanish Grand Prix,catalunya,2020-08-16,latifi,LAT,williams,19,18,0.0,+2 Laps
2020,6,Spanish Grand Prix,catalunya,2020-08-16,grosjean,GRO,haas,17,19,0.0,+2 Laps
2020,6,Spanish Grand Prix,catalunya,2020-08-16,leclerc,LEC,ferrari,9,20,0.0,Electronics
2020,7,Belgian Grand Prix,spa,2020-08-30,hamilton,HAM,mercedes,1,1,25.0,Finished
2020,7,Belgian Grand Prix,spa,2020-08-30,bottas,BOT,mercedes,2,2,18.0,Finished
2020,7,Belgian Grand Prix,spa,2020-08-30,max_verstappen,VER,red_bull,3,3,15.0,Finished
2020,7,Belgian Grand Prix,spa,2020-08-30,ricciardo,RIC,renault,4,4,13.0,Finished
2020,7,Belgian Grand Prix,spa,2020-08-30,ocon,OCO,renault,6,5,10.0,Finished
2020,7,Belgian Grand Prix,spa,2020-08-30,albon,ALB,red_bull,5,6,8.0,Finished
2020,7,Belgian Grand Prix,spa,2020-08-30,norris,NOR,mclaren,10,7,6.0,Finished
2020,7,Belgian Grand Prix,spa,2020-08-30,gasly,GAS,alphatauri,12,8,4.0,Finished
2020,7,Belgian Grand Prix,spa,2020-08-30,stroll,STR,racing_point,9,9,2.0,Finished
2020,7,Belgian Grand Prix,spa,2020-08-30,perez,PER,racing_point,8,10,1.0,Finished
2020,7,Belgian Grand Prix,spa,2020-08-30,kvyat,KVY,alphatauri,11,11,0.0,Finished
2020,7,Belgian Grand Prix,spa,2020-08-30,raikkonen,RAI,alfa,16,12,0.0,Finished
2020,7,Belgian Grand Prix,spa,2020-08-30,vettel,VET,ferrari,14,13,0.0,Finished
2020,7,Belgian Grand Prix,spa,2020-08-30,leclerc,LEC,ferrari,13,14,0.0,Finished
2020,7,Belgian Grand Prix,spa,2020-08-30,grosjean,GRO,haas,17,15,0.0,Finished
2020,7,Belgian Grand Prix,spa,2020-08-30,latifi,LAT,williams,19,16,0.0,Finished
2020,7,Belgian Grand Prix,spa,2020-08-30,kevin_magnussen,MAG,haas,20,17,0.0,Finished
2020,7,Belgian Grand Prix,spa,2020-08-30,giovinazzi,GIO,alfa,18,18,0.0,Accident
2020,7,Belgian Grand Prix,spa,2020-08-30,russell,RUS,williams,15,19,0.0,Debris
2020,7,Belgian Grand Prix,spa,2020-08-30,sainz,SAI,mclaren,7,20,0.0,Exhaust
2020,8,Italian Grand Prix,monza,2020-09-06,gasly,GAS,alphatauri,10,1,25.0,Finished
2020,8,Italian Grand Prix,monza,2020-09-06,sainz,SAI,mclaren,3,2,18.0,Finished
2020,8,Italian Grand Prix,monza,2020-09-06,stroll,STR,racing_point,8,3,15.0,Finished
2020,8,Italian Grand Prix,monza,2020-09-06,norris,NOR,mclaren,6,4,12.0,Finished
2020,8,Italian Grand Prix,monza,2020-09-06,bottas,BOT,mercedes,2,5,10.0,Finished
2020,8,Italian Grand Prix,monza,2020-09-06,ricciardo,RIC,renault,7,6,8.0,Finished
2020,8,Italian Grand Prix,monza,2020-09-06,hamilton,HAM,mercedes,1,7,7.0,Finished
2020,8,Italian Grand Prix,monza,2020-09-06,ocon,OCO,renault,12,8,4.0,Finished
2020,8,Italian Grand Prix,monza,2020-09-06,kvyat,KVY,alphatauri,11,9,2.0,Finished
2020,8,Italian Grand Prix,monza,2020-09-06,perez,PER,racing_point,4,10,1.0,Finished
2020,8,Italian Grand Prix,monza,2020-09-06,latifi,LAT,williams,20,11,0.0,Finished
2020,8,Italian Grand Prix,monza,2020-09-06,grosjean,GRO,haas,16,12,0.0,Finished
2020,8,Italian Grand Prix,monza,2020-09-06,raikkonen,RAI,alfa,14,13,0.0,Finished
2020,8,Italian Grand Prix,monza,2020-09-06,russell,RUS,williams,19,14,0.0,Finished
2020,8,Italian Grand Prix,monza,2020-09-06,albon,ALB,red_bull,9,15,0.0,Finished
2020,8,Italian Grand Prix,monza,2020-09-06,giovinazzi,GIO,alfa,18,16,0.0,Finished
2020,8,Italian Grand Prix,monza,2020-09-06,max_verstappen,VER,red_bull,5,17,0.0,Power Unit
2020,8,Italian Grand Prix,monza,2020-09-06,leclerc,LEC,ferrari,13,18,0.0,Accident
2020,8,Italian Grand Prix,monza,2020-09-06,kevin_magnussen,MAG,haas,15,19,0.0,Power Unit
2020,8,Italian Grand Prix,monza,2020-09-06,vettel,VET,ferrari,17,20,0.0,Brakes
2020,9,Tuscan Grand Prix,mugello,2020-09-13,hamilton,HAM,mercedes,1,1,26.0,Finished
2020,9,Tuscan Grand Prix,mugello,2020-09-13,bottas,BOT,mercedes,2,2,18.0,Finished
2020,9,Tuscan Grand Prix,mugello,2020-09-13,albon,ALB,red_bull,4,3,15.0,Finished
2020,9,Tuscan Grand Prix,mugello,2020-09-13,ricciardo,RIC,renault,8,4,12.0,Finished
2020,9,Tuscan Grand Prix,mugello,2020-09-13,perez,PER,racing_point,7,5,10.0,Finished
2020,9,Tuscan Grand Prix,mugello,2020-09-13,norris,NOR,mclaren,11,6,8.0,Finished
2020,9,Tuscan Grand Prix,mugello,2020-09-13,kvyat,KVY,alphatauri,12,7,6.0,Finished
2020,9,Tuscan Grand Prix,mugello,2020-09-13,leclerc,LEC,ferrari,5,8,4.0,Finished
2020,9,Tuscan Grand Prix,mugello,2020-09-13,raikkonen,RAI,alfa,13,9,2.0,Finished
2020,9,Tuscan Grand Prix,mugello,2020-09-13,vettel,VET,ferrari,14,10,1.0,Finished
2020,9,Tuscan Grand Prix,mugello,2020-09-13,russell,RUS,williams,18,11,0.0,Finished
2020,9,Tuscan Grand Prix,mugello,2020-09-13,grosjean,GRO,haas,15,12,0.0,Finished
2020,9,Tuscan Grand Prix,mugello,2020-09-13,stroll,STR,racing_point,6,13,0.0,Puncture
2020,9,Tuscan Grand Prix,mugello,2020-09-13,ocon,OCO,renault,10,14,0.0,Brakes
2020,9,Tuscan Grand Prix,mugello,2020-09-13,latifi,LAT,williams,19,15,0.0,Collision
2020,9,Tuscan Grand Prix,mugello,2020-09-13,kevin_magnussen,MAG,haas,20,16,0.0,Collision
2020,9,Tuscan Grand Prix,mugello,2020-09-13,giovinazzi,GIO,alfa,17,17,0.0,Collision
2020,9,Tuscan Grand Prix,mugello,2020-09-13,sainz,SAI,mclaren,9,18,0.0,Collision
2020,9,Tuscan Grand Prix,mugello,2020-09-13,max_verstappen,VER,red_bull,3,19,0.0,Collision
2020,9,Tuscan Grand Prix,mugello,2020-09-13,gasly,GAS,alphatauri,16,20,0.0,Collision
2020,10,Russian Grand Prix,sochi,2020-09-27,bottas,BOT,mercedes,3,1,26.0,Finished
2020,10,Russian Grand Prix,sochi,2020-09-27,max_verstappen,VER,red_bull,2,2,18.0,Finished
2020,10,Russian Grand Prix,sochi,2020-09-27,hamilton,HAM,mercedes,1,3,15.0,Finished
2020,10,Russian Grand Prix,sochi,2020-09-27,perez,PER,racing_point,4,4,12.0,Finished
2020,10,Russian Grand Prix,sochi,2020-09-27,ricciardo,RIC,renault,5,5,10.0,Finished
2020,10,Russian Grand Prix,sochi,2020-09-27,leclerc,LEC,ferrari,10,6,8.0,Finished
2020,10,Russian Grand Prix,sochi,2020-09-27,ocon,OCO,renault,7,7,6.0,Finished
2020,10,Russian Grand Prix,sochi,2020-09-27,kvyat,KVY,alphatauri,11,8,4.0,Finished
2020,10,Russian Grand Prix,sochi,2020-09-27,gasly,GAS,alphatauri,9,9,2.0,Finished
2020,10,Russian Grand Prix,sochi,2020-09-27,albon,ALB,red_bull,15,10,1.0,Finished
2020,10,Russian Grand Prix,sochi,2020-09-27,giovinazzi,GIO,alfa,17,11,0.0,+1 Lap
2020,10,Russian Grand Prix,sochi,2020-09-27,kevin_magnussen,MAG,haas,18,12,0.0,+1 Lap
2020,10,Russian Grand Prix,sochi,2020-09-27,vettel,VET,ferrari,14,13,0.0,+1 Lap
2020,10,Russian Grand Prix,sochi,2020-09-27,raikkonen,RAI,alfa,19,14,0.0,+1 Lap
2020,10,Russian Grand Prix,sochi,2020-09-27,norris,NOR,mclaren,8,15,0.0,+1 Lap
2020,10,Russian Grand Prix,sochi,2020-09-27,latifi,LAT,williams,20,16,0.0,+1 Lap
2020,10,Russian Grand Prix,sochi,2020-09-27,grosjean,GRO,haas,16,17,0.0,+1 Lap
2020,10,Russian Grand Prix,sochi,2020-09-27,russell,RUS,williams,13,18,0.0,+1 Lap
2020,10,Russian Grand Prix,sochi,2020-09-27,sainz,SAI,mclaren,6,19,0.0,Accident
2020,10,Russian Grand Prix,sochi,2020-09-27,stroll,STR,racing_point,12,20,0.0,Collision
2020,11,Eifel Grand Prix,nurburgring,2020-10-11,hamilton,HAM,mercedes,2,1,25.0,Finished
2020,11,Eifel Grand Prix,nurburgring,2020-10-11,max_verstappen,VER,red_bull,3,2,19.0,Finished
2020,11,Eifel Grand Prix,nurburgring,2020-10-11,ricciardo,RIC,renault,6,3,15.0,Finished
2020,11,Eifel Grand Prix,nurburgring,2020-10-11,perez,PER,racing_point,9,4,12.0,Finished
2020,11,Eifel Grand Prix,nurburgring,2020-10-11,sainz,SAI,mclaren,10,5,10.0,Finished
2020,11,Eifel Grand Prix,nurburgring,2020-10-11,gasly,GAS,alphatauri,12,6,8.0,Finished
2020,11,Eifel Grand Prix,nurburgring,2020-10-11,leclerc,LEC,ferrari,4,7,6.0,Finished
2020,11,Eifel Grand Prix,nurburgring,2020-10-11,hulkenberg,HUL,racing_point,20,8,4.0,Finished
2020,11,Eifel Grand Prix,nurburgring,2020-10-11,grosjean,GRO,haas,16,9,2.0,Finished
2020,11,Eifel Grand Prix,nurburgring,2020-10-11,giovinazzi,GIO,alfa,14,10,1.0,Finished
2020,11,Eifel Grand Prix,nurburgring,2020-10-11,vettel,VET,ferrari,11,11,0.0,Finished
2020,11,Eifel Grand Prix,nurburgring,2020-10-11,raikkonen,RAI,alfa,19,12,0.0,Finished
2020,11,Eifel Grand Prix,nurburgring,2020-10-11,kevin_magnussen,MAG,haas,15,13,0.0,Finished
2020,11,Eifel Grand Prix,nurburgring,2020-10-11,latifi,LAT,williams,18,14,0.0,Finished
2020,11,Eifel Grand Prix,nurburgring,2020-10-11,kvyat,KVY,alphatauri,13,15,0.0,Finished
2020,11,Eifel Grand Prix,nurburgring,2020-10-11,norris,NOR,mclaren,8,16,0.0,Power Unit
2020,11,Eifel Grand Prix,nurburgring,2020-10-11,albon,ALB,red_bull,5,17,0.0,Radiator
2020,11,Eifel Grand Prix,nurburgring,2020-10-11,ocon,OCO,renault,7,18,0.0,Gearbox
2020,11,Eifel Grand Prix,nurburgring,2020-10-11,bottas,BOT,mercedes,1,19,0.0,Power Unit
2020,11,Eifel Grand Prix,nurburgring,2020-10-11,russell,RUS,williams,17,20,0.0,Collision
2020,12,Portuguese Grand Prix,portimao,2020-10-25,hamilton,HAM,mercedes,1,1,26.0,Finished
2020,12,Portuguese Grand Prix,portimao,2020-10-25,bottas,BOT,mercedes,2,2,18.0,Finished
2020,12,Portuguese Grand Prix,portimao,2020-10-25,max_verstappen,VER,red_bull,3,3,15.0,Finished
2020,12,Portuguese Grand Prix,portimao,2020-10-25,leclerc,LEC,ferrari,4,4,12.0,Finished
2020,12,Portuguese Grand Prix,portimao,2020-10-25,gasly,GAS,alphatauri,9,5,10.0,+1 Lap
2020,12,Portuguese Grand Prix,portimao,2020-10-25,sainz,SAI,mclaren,7,6,8.0,+1 Lap
2020,12,Portuguese Grand Prix,portimao,2020-10-25,perez,PER,racing_point,5,7,6.0,+1 Lap
2020,12,Portuguese Grand Prix,portimao,2020-10-25,ocon,OCO,renault,11,8,4.0,+1 Lap
2020,12,Portuguese Grand Prix,portimao,2020-10-25,ricciardo,RIC,renault,10,9,2.0,+1 Lap
2020,12,Portuguese Grand Prix,portimao,2020-10-25,vettel,VET,ferrari,15,10,1.0,+1 Lap
2020,12,Portuguese Grand Prix,portimao,2020-10-25,raikkonen,RAI,alfa,16,11,0.0,+1 Lap
2020,12,Portuguese Grand Prix,portimao,2020-10-25,albon,ALB,red_bull,6,12,0.0,+1 Lap
2020,12,Portuguese Grand Prix,portimao,2020-10-25,norris,NOR,mclaren,8,13,0.0,+1 Lap
2020,12,Portuguese Grand Prix,portimao,2020-10-25,russell,RUS,williams,14,14,0.0,+1 Lap
2020,12,Portuguese Grand Prix,portimao,2020-10-25,giovinazzi,GIO,alfa,17,15,0.0,+1 Lap
2020,12,Portuguese Grand Prix,portimao,2020-10-25,kevin_magnussen,MAG,haas,19,16,0.0,+1 Lap
2020,12,Portuguese Grand Prix,portimao,2020-10-25,grosjean,GRO,haas,18,17,0.0,+1 Lap
2020,12,Portuguese Grand Prix,portimao,2020-10-25,latifi,LAT,williams,20,18,0.0,+2 Laps
2020,12,Portuguese Grand Prix,portimao,2020-10-25,kvyat,KVY,alphatauri,13,19,0.0,+2 Laps
2020,12,Portuguese Grand Prix,portimao,2020-10-25,stroll,STR,racing_point,12,20,0.0,Collision damage
2020,13,Emilia Romagna Grand Prix,imola,2020-11-01,hamilton,HAM,mercedes,2,1,26.0,Finished
2020,13,Emilia Romagna Grand Prix,imola,2020-11-01,bottas,BOT,mercedes,1,2,18.0,Finished
2020,13,Emilia Romagna Grand Prix,imola,2020-11-01,ricciardo,RIC,renault,5,3,15.0,Finished
2020,13,Emilia Romagna Grand Prix,imola,2020-11-01,kvyat,KVY,alphatauri,8,4,12.0,Finished
2020,13,Emilia Romagna Grand Prix,imola,2020-11-01,leclerc,LEC,ferrari,7,5,10.0,Finished
2020,13,Emilia Romagna Grand Prix,imola,2020-11-01,perez,PER,racing_point,11,6,8.0,Finished
2020,13,Emilia Romagna Grand Prix,imola,2020-11-01,sainz,SAI,mclaren,10,7,6.0,Finished
2020,13,Emilia Romagna Grand Prix,imola,2020-11-01,norris,NOR,mclaren,9,8,4.0,Finished
2020,13,Emilia Romagna Grand Prix,imola,2020-11-01,raikkonen,RAI,alfa,18,9,2.0,Finished
2020,13,Emilia Romagna Grand Prix,imola,2020-11-01,giovinazzi,GIO,alfa,20,10,1.0,Finished
2020,13,Emilia Romagna Grand Prix,imola,2020-11-01,latifi,LAT,williams,19,11,0.0,Finished
2020,13,Emilia Romagna Grand Prix,imola,2020-11-01,vettel,VET,ferrari,14,12,0.0,Finished
2020,13,Emilia Romagna Grand Prix,imola,2020-11-01,stroll,STR,racing_point,15,13,0.0,Finished
2020,13,Emilia Romagna Grand Prix,imola,2020-11-01,grosjean,GRO,haas,16,14,0.0,Finished
2020,13,Emilia Romagna Grand Prix,imola,2020-11-01,albon,ALB,red_bull,6,15,0.0,Finished
2020,13,Emilia Romagna Grand Prix,imola,2020-11-01,russell,RUS,williams,13,16,0.0,Accident
2020,13,Emilia Romagna Grand Prix,imola,2020-11-01,max_verstappen,VER,red_bull,3,17,0.0,Puncture
2020,13,Emilia Romagna Grand Prix,imola,2020-11-01,kevin_magnussen,MAG,haas,17,18,0.0,Illness
2020,13,Emilia Romagna Grand Prix,imola,2020-11-01,ocon,OCO,renault,12,19,0.0,Gearbox
2020,13,Emilia Romagna Grand Prix,imola,2020-11-01,gasly,GAS,alphatauri,4,20,0.0,Water pressure
2020,14,Turkish Grand Prix,istanbul,2020-11-15,hamilton,HAM,mercedes,6,1,25.0,Finished
2020,14,Turkish Grand Prix,istanbul,2020-11-15,perez,PER,racing_point,3,2,18.0,Finished
2020,14,Turkish Grand Prix,istanbul,2020-11-15,vettel,VET,ferrari,11,3,15.0,Finished
2020,14,Turkish Grand Prix,istanbul,2020-11-15,leclerc,LEC,ferrari,12,4,12.0,Finished
2020,14,Turkish Grand Prix,istanbul,2020-11-15,sainz,SAI,mclaren,15,5,10.0,Finished
2020,14,Turkish Grand Prix,istanbul,2020-11-15,max_verstappen,VER,red_bull,2,6,8.0,Finished
2020,14,Turkish Grand Prix,istanbul,2020-11-15,albon,ALB,red_bull,4,7,6.0,Finished
2020,14,Turkish Grand Prix,istanbul,2020-11-15,norris,NOR,mclaren,14,8,5.0,Finished
2020,14,Turkish Grand Prix,istanbul,2020-11-15,stroll,STR,racing_point,1,9,2.0,Finished
2020,14,Turkish Grand Prix,istanbul,2020-11-15,ricciardo,RIC,renault,5,10,1.0,Finished
2020,14,Turkish Grand Prix,istanbul,2020-11-15,ocon,OCO,renault,7,11,0.0,+1 Lap
2020,14,Turkish Grand Prix,istanbul,2020-11-15,kvyat,KVY,alphatauri,16,12,0.0,+1 Lap
2020,14,Turkish Grand Prix,istanbul,2020-11-15,gasly,GAS,alphatauri,19,13,0.0,+1 Lap
2020,14,Turkish Grand Prix,istanbul,2020-11-15,bottas,BOT,mercedes,9,14,0.0,+1 Lap
2020,14,Turkish Grand Prix,istanbul,2020-11-15,raikkonen,RAI,alfa,8,15,0.0,+1 Lap
2020,14,Turkish Grand Prix,istanbul,2020-11-15,russell,RUS,williams,0,16,0.0,+1 Lap
2020,14,Turkish Grand Prix,istanbul,2020-11-15,kevin_magnussen,MAG,haas,13,17,0.0,Withdrew
2020,14,Turkish Grand Prix,istanbul,2020-11-15,grosjean,GRO,haas,17,18,0.0,Collision damage
2020,14,Turkish Grand Prix,istanbul,2020-11-15,latifi,LAT,williams,0,19,0.0,Collision damage
2020,14,Turkish Grand Prix,istanbul,2020-11-15,giovinazzi,GIO,alfa,10,20,0.0,Gearbox
2020,15,Bahrain Grand Prix,bahrain,2020-11-29,hamilton,HAM,mercedes,1,1,25.0,Finished
2020,15,Bahrain Grand Prix,bahrain,2020-11-29,max_verstappen,VER,red_bull,3,2,19.0,Finished
2020,15,Bahrain Grand Prix,bahrain,2020-11-29,albon,ALB,red_bull,4,3,15.0,Finished
2020,15,Bahrain Grand Prix,bahrain,2020-11-29,norris,NOR,mclaren,9,4,12.0,Finished
2020,15,Bahrain Grand Prix,bahrain,2020-11-29,sainz,SAI,mclaren,15,5,10.0,Finished
2020,15,Bahrain Grand Prix,bahrain,2020-11-29,gasly,GAS,alphatauri,8,6,8.0,Finished
2020,15,Bahrain Grand Prix,bahrain,2020-11-29,ricciardo,RIC,renault,6,7,6.0,Finished
2020,15,Bahrain Grand Prix,bahrain,2020-11-29,bottas,BOT,mercedes,2,8,4.0,Finished
2020,15,Bahrain Grand Prix,bahrain,2020-11-29,ocon,OCO,renault,7,9,2.0,Finished
2020,15,Bahrain Grand Prix,bahrain,2020-11-29,leclerc,LEC,ferrari,12,10,1.0,+1 Lap
2020,15,Bahrain Grand Prix,bahrain,2020-11-29,kvyat,KVY,alphatauri,10,11,0.0,+1 Lap
2020,15,Bahrain Grand Prix,bahrain,2020-11-29,russell,RUS,williams,14,12,0.0,+1 Lap
2020,15,Bahrain Grand Prix,bahrain,2020-11-29,vettel,VET,ferrari,11,13,0.0,+1 Lap
2020,15,Bahrain Grand Prix,bahrain,2020-11-29,latifi,LAT,williams,20,14,0.0,+1 Lap
2020,15,Bahrain Grand Prix,bahrain,2020-11-29,raikkonen,RAI,alfa,17,15,0.0,+1 Lap
2020,15,Bahrain Grand Prix,bahrain,2020-11-29,giovinazzi,GIO,alfa,16,16,0.0,+1 Lap
2020,15,Bahrain Grand Prix,bahrain,2020-11-29,kevin_magnussen,MAG,haas,18,17,0.0,+1 Lap
2020,15,Bahrain Grand Prix,bahrain,2020-11-29,perez,PER,racing_point,5,18,0.0,Engine
2020,15,Bahrain Grand Prix,bahrain,2020-11-29,stroll,STR,racing_point,13,19,0.0,Collision
2020,15,Bahrain Grand Prix,bahrain,2020-11-29,grosjean,GRO,haas,19,20,0.0,Collision
2020,16,Sakhir Grand Prix,bahrain,2020-12-06,perez,PER,racing_point,5,1,25.0,Finished
2020,16,Sakhir Grand Prix,bahrain,2020-12-06,ocon,OCO,renault,11,2,18.0,Finished
2020,16,Sakhir Grand Prix,bahrain,2020-12-06,stroll,STR,racing_point,10,3,15.0,Finished
2020,16,Sakhir Grand Prix,bahrain,2020-12-06,sainz,SAI,mclaren,8,4,12.0,Finished
2020,16,Sakhir Grand Prix,bahrain,2020-12-06,ricciardo,RIC,renault,7,5,10.0,Finished
2020,16,Sakhir Grand Prix,bahrain,2020-12-06,albon,ALB,red_bull,12,6,8.0,Finished
2020,16,Sakhir Grand Prix,bahrain,2020-12-06,kvyat,KVY,alphatauri,6,7,6.0,Finished
2020,16,Sakhir Grand Prix,bahrain,2020-12-06,bottas,BOT,mercedes,1,8,4.0,Finished
2020,16,Sakhir Grand Prix,bahrain,2020-12-06,russell,RUS,mercedes,2,9,3.0,Finished
2020,16,Sakhir Grand Prix,bahrain,2020-12-06,norris,NOR,mclaren,19,10,1.0,Finished
2020,16,Sakhir Grand Prix,bahrain,2020-12-06,gasly,GAS,alphatauri,9,11,0.0,Finished
2020,16,Sakhir Grand Prix,bahrain,2020-12-06,vettel,VET,ferrari,13,12,0.0,Finished
2020,16,Sakhir Grand Prix,bahrain,2020-12-06,giovinazzi,GIO,alfa,14,13,0.0,Finished
2020,16,Sakhir Grand Prix,bahrain,2020-12-06,raikkonen,RAI,alfa,18,14,0.0,Finished
2020,16,Sakhir Grand Prix,bahrain,2020-12-06,kevin_magnussen,MAG,haas,15,15,0.0,Finished
2020,16,Sakhir Grand Prix,bahrain,2020-12-06,aitken,AIT,williams,17,16,0.0,Finished
2020,16,Sakhir Grand Prix,bahrain,2020-12-06,pietro_fittipaldi,FIT,haas,20,17,0.0,Finished
2020,16,Sakhir Grand Prix,bahrain,2020-12-06,latifi,LAT,williams,16,18,0.0,Engine
2020,16,Sakhir Grand Prix,bahrain,2020-12-06,max_verstappen,VER,red_bull,3,19,0.0,Accident
2020,16,Sakhir Grand Prix,bahrain,2020-12-06,leclerc,LEC,ferrari,4,20,0.0,Collision
2020,17,Abu Dhabi Grand Prix,yas_marina,2020-12-13,max_verstappen,VER,red_bull,1,1,25.0,Finished
2020,17,Abu Dhabi Grand Prix,yas_marina,2020-12-13,bottas,BOT,mercedes,2,2,18.0,Finished
2020,17,Abu Dhabi Grand Prix,yas_marina,2020-12-13,hamilton,HAM,mercedes,3,3,15.0,Finished
2020,17,Abu Dhabi Grand Prix,yas_marina,2020-12-13,albon,ALB,red_bull,5,4,12.0,Finished
2020,17,Abu Dhabi Grand Prix,yas_marina,2020-12-13,norris,NOR,mclaren,4,5,10.0,Finished
2020,17,Abu Dhabi Grand Prix,yas_marina,2020-12-13,sainz,SAI,mclaren,6,6,8.0,Finished
2020,17,Abu Dhabi Grand Prix,yas_marina,2020-12-13,ricciardo,RIC,renault,11,7,7.0,Finished
2020,17,Abu Dhabi Grand Prix,yas_marina,2020-12-13,gasly,GAS,alphatauri,9,8,4.0,Finished
2020,17,Abu Dhabi Grand Prix,yas_marina,2020-12-13,ocon,OCO,renault,10,9,2.0,Finished
2020,17,Abu Dhabi Grand Prix,yas_marina,2020-12-13,stroll,STR,racing_point,8,10,1.0,Finished
2020,17,Abu Dhabi Grand Prix,yas_marina,2020-12-13,kvyat,KVY,alphatauri,7,11,0.0,+1 Lap
2020,17,Abu Dhabi Grand Prix,yas_marina,2020-12-13,raikkonen,RAI,alfa,15,12,0.0,+1 Lap
2020,17,Abu Dhabi Grand Prix,yas_marina,2020-12-13,leclerc,LEC,ferrari,12,13,0.0,+1 Lap
2020,17,Abu Dhabi Grand Prix,yas_marina,2020-12-13,vettel,VET,ferrari,13,14,0.0,+1 Lap
2020,17,Abu Dhabi Grand Prix,yas_marina,2020-12-13,russell,RUS,williams,16,15,0.0,+1 Lap
2020,17,Abu Dhabi Grand Prix,yas_marina,2020-12-13,giovinazzi,GIO,alfa,14,16,0.0,+1 Lap
2020,17,Abu Dhabi Grand Prix,yas_marina,2020-12-13,latifi,LAT,williams,18,17,0.0,+1 Lap
2020,17,Abu Dhabi Grand Prix,yas_marina,2020-12-13,kevin_magnussen,MAG,haas,20,18,0.0,+1 Lap
2020,17,Abu Dhabi Grand Prix,yas_marina,2020-12-13,pietro_fittipaldi,FIT,haas,17,19,0.0,+2 Laps
2020,17,Abu Dhabi Grand Prix,yas_marina,2020-12-13,perez,PER,racing_point,19,20,0.0,Transmission
2021,1,Bahrain Grand Prix,bahrain,2021-03-28,hamilton,HAM,mercedes,2,1,25.0,Finished
2021,1,Bahrain Grand Prix,bahrain,2021-03-28,max_verstappen,VER,red_bull,1,2,18.0,Finished
2021,1,Bahrain Grand Prix,bahrain,2021-03-28,bottas,BOT,mercedes,3,3,16.0,Finished
2021,1,Bahrain Grand Prix,bahrain,2021-03-28,norris,NOR,mclaren,7,4,12.0,Finished
2021,1,Bahrain Grand Prix,bahrain,2021-03-28,perez,PER,red_bull,0,5,10.0,Finished
2021,1,Bahrain Grand Prix,bahrain,2021-03-28,leclerc,LEC,ferrari,4,6,8.0,Finished
2021,1,Bahrain Grand Prix,bahrain,2021-03-28,ricciardo,RIC,mclaren,6,7,6.0,Finished
2021,1,Bahrain Grand Prix,bahrain,2021-03-28,sainz,SAI,ferrari,8,8,4.0,Finished
2021,1,Bahrain Grand Prix,bahrain,2021-03-28,tsunoda,TSU,alphatauri,13,9,2.0,Finished
2021,1,Bahrain Grand Prix,bahrain,2021-03-28,stroll,STR,aston_martin,10,10,1.0,Finished
2021,1,Bahrain Grand Prix,bahrain,2021-03-28,raikkonen,RAI,alfa,14,11,0.0,Finished
2021,1,Bahrain Grand Prix,bahrain,2021-03-28,giovinazzi,GIO,alfa,12,12,0.0,+1 Lap
2021,1,Bahrain Grand Prix,bahrain,2021-03-28,ocon,OCO,alpine,16,13,0.0,+1 Lap
2021,1,Bahrain Grand Prix,bahrain,2021-03-28,russell,RUS,williams,15,14,0.0,+1 Lap
2021,1,Bahrain Grand Prix,bahrain,2021-03-28,vettel,VET,aston_martin,20,15,0.0,+1 Lap
2021,1,Bahrain Grand Prix,bahrain,2021-03-28,mick_schumacher,MSC,haas,18,16,0.0,+1 Lap
2021,1,Bahrain Grand Prix,bahrain,2021-03-28,gasly,GAS,alphatauri,5,17,0.0,Retired
2021,1,Bahrain Grand Prix,bahrain,2021-03-28,latifi,LAT,williams,17,18,0.0,Retired
2021,1,Bahrain Grand Prix,bahrain,2021-03-28,alonso,ALO,alpine,9,19,0.0,Brakes
2021,1,Bahrain Grand Prix,bahrain,2021-03-28,mazepin,MAZ,haas,19,20,0.0,Accident
2021,2,Emilia Romagna Grand Prix,imola,2021-04-18,max_verstappen,VER,red_bull,3,1,25.0,Finished
2021,2,Emilia Romagna Grand Prix,imola,2021-04-18,hamilton,HAM,mercedes,1,2,19.0,Finished
2021,2,Emilia Romagna Grand Prix,imola,2021-04-18,norris,NOR,mclaren,7,3,15.0,Finished
2021,2,Emilia Romagna Grand Prix,imola,2021-04-18,leclerc,LEC,ferrari,4,4,12.0,Finished
2021,2,Emilia Romagna Grand Prix,imola,2021-04-18,sainz,SAI,ferrari,11,5,10.0,Finished
2021,2,Emilia Romagna Grand Prix,imola,2021-04-18,ricciardo,RIC,mclaren,6,6,8.0,Finished
2021,2,Emilia Romagna Grand Prix,imola,2021-04-18,gasly,GAS,alphatauri,5,7,6.0,Finished
2021,2,Emilia Romagna Grand Prix,imola,2021-04-18,stroll,STR,aston_martin,10,8,4.0,Finished
2021,2,Emilia Romagna Grand Prix,imola,2021-04-18,ocon,OCO,alpine,9,9,2.0,Finished
2021,2,Emilia Romagna Grand Prix,imola,2021-04-18,alonso,ALO,alpine,15,10,1.0,Finished
2021,2,Emilia Romagna Grand Prix,imola,2021-04-18,perez,PER,red_bull,2,11,0.0,Finished
2021,2,Emilia Romagna Grand Prix,imola,2021-04-18,tsunoda,TSU,alphatauri,20,12,0.0,Finished
2021,2,Emilia Romagna Grand Prix,imola,2021-04-18,raikkonen,RAI,alfa,16,13,0.0,Finished
2021,2,Emilia Romagna Grand Prix,imola,2021-04-18,giovinazzi,GIO,alfa,17,14,0.0,+1 Lap
2021,2,Emilia Romagna Grand Prix,imola,2021-04-18,vettel,VET,aston_martin,0,15,0.0,Gearbox
2021,2,Emilia Romagna Grand Prix,imola,2021-04-18,mick_schumacher,MSC,haas,18,16,0.0,+2 Laps
2021,2,Emilia Romagna Grand Prix,imola,2021-04-18,mazepin,MAZ,haas,19,17,0.0,+2 Laps
2021,2,Emilia Romagna Grand Prix,imola,2021-04-18,bottas,BOT,mercedes,8,18,0.0,Collision
2021,2,Emilia Romagna Grand Prix,imola,2021-04-18,russell,RUS,williams,12,19,0.0,Collision
2021,2,Emilia Romagna Grand Prix,imola,2021-04-18,latifi,LAT,williams,14,20,0.0,Collision
2021,3,Portuguese Grand Prix,portimao,2021-05-02,hamilton,HAM,mercedes,2,1,25.0,Finished
2021,3,Portuguese Grand Prix,portimao,2021-05-02,max_verstappen,VER,red_bull,3,2,18.0,Finished
2021,3,Portuguese Grand Prix,portimao,2021-05-02,bottas,BOT,mercedes,1,3,16.0,Finished
2021,3,Portuguese Grand Prix,portimao,2021-05-02,perez,PER,red_bull,4,4,12.0,Finished
2021,3,Portuguese Grand Prix,portimao,2021-05-02,norris,NOR,mclaren,7,5,10.0,Finished
2021,3,Portuguese Grand Prix,portimao,2021-05-02,leclerc,LEC,ferrari,8,6,8.0,Finished
2021,3,Portuguese Grand Prix,portimao,2021-05-02,ocon,OCO,alpine,6,7,6.0,Finished
2021,3,Portuguese Grand Prix,portimao,2021-05-02,alonso,ALO,alpine,13,8,4.0,Finished
2021,3,Portuguese Grand Prix,portimao,2021-05-02,ricciardo,RIC,mclaren,16,9,2.0,Finished
2021,3,Portuguese Grand Prix,portimao,2021-05-02,gasly,GAS,alphatauri,9,10,1.0,Finished
2021,3,Portuguese Grand Prix,portimao,2021-05-02,sainz,SAI,ferrari,5,11,0.0,Finished
2021,3,Portuguese Grand Prix,portimao,2021-05-02,giovinazzi,GIO,alfa,12,12,0.0,+1 Lap
2021,3,Portuguese Grand Prix,portimao,2021-05-02,vettel,VET,aston_martin,10,13,0.0,+1 Lap
2021,3,Portuguese Grand Prix,portimao,2021-05-02,stroll,STR,aston_martin,17,14,0.0,+1 Lap
2021,3,Portuguese Grand Prix,portimao,2021-05-02,tsunoda,TSU,alphatauri,14,15,0.0,+1 Lap
2021,3,Portuguese Grand Prix,portimao,2021-05-02,russell,RUS,williams,11,16,0.0,+1 Lap
2021,3,Portuguese Grand Prix,portimao,2021-05-02,mick_schumacher,MSC,haas,19,17,0.0,+2 Laps
2021,3,Portuguese Grand Prix,portimao,2021-05-02,latifi,LAT,williams,18,18,0.0,+2 Laps
2021,3,Portuguese Grand Prix,portimao,2021-05-02,mazepin,MAZ,haas,20,19,0.0,+2 Laps
2021,3,Portuguese Grand Prix,portimao,2021-05-02,raikkonen,RAI,alfa,15,20,0.0,Collision damage
2021,4,Spanish Grand Prix,catalunya,2021-05-09,hamilton,HAM,mercedes,1,1,25.0,Finished
2021,4,Spanish Grand Prix,catalunya,2021-05-09,max_verstappen,VER,red_bull,2,2,19.0,Finished
2021,4,Spanish Grand Prix,catalunya,2021-05-09,bottas,BOT,mercedes,3,3,15.0,Finished
2021,4,Spanish Grand Prix,catalunya,2021-05-09,leclerc,LEC,ferrari,4,4,12.0,Finished
2021,4,Spanish Grand Prix,catalunya,2021-05-09,perez,PER,red_bull,8,5,10.0,Finished
2021,4,Spanish Grand Prix,catalunya,2021-05-09,ricciardo,RIC,mclaren,7,6,8.0,Finished
2021,4,Spanish Grand Prix,catalunya,2021-05-09,sainz,SAI,ferrari,6,7,6.0,Finished
2021,4,Spanish Grand Prix,catalunya,2021-05-09,norris,NOR,mclaren,9,8,4.0,+1 Lap
2021,4,Spanish Grand Prix,catalunya,2021-05-09,ocon,OCO,alpine,5,9,2.0,+1 Lap
2021,4,Spanish Grand Prix,catalunya,2021-05-09,gasly,GAS,alphatauri,12,10,1.0,+1 Lap
2021,4,Spanish Grand Prix,catalunya,2021-05-09,stroll,STR,aston_martin,11,11,0.0,+1 Lap
2021,4,Spanish Grand Prix,catalunya,2021-05-09,raikkonen,RAI,alfa,17,12,0.0,+1 Lap
2021,4,Spanish Grand Prix,catalunya,2021-05-09,vettel,VET,aston_martin,13,13,0.0,+1 Lap
2021,4,Spanish Grand Prix,catalunya,2021-05-09,russell,RUS,williams,15,14,0.0,+1 Lap
2021,4,Spanish Grand Prix,catalunya,2021-05-09,giovinazzi,GIO,alfa,14,15,0.0,+1 Lap
2021,4,Spanish Grand Prix,catalunya,2021-05-09,latifi,LAT,williams,19,16,0.0,+1 Lap
2021,4,Spanish Grand Prix,catalunya,2021-05-09,alonso,ALO,alpine,10,17,0.0,+1 Lap
2021,4,Spanish Grand Prix,catalunya,2021-05-09,mick_schumacher,MSC,haas,18,18,0.0,+2 Laps
2021,4,Spanish Grand Prix,catalunya,2021-05-09,mazepin,MAZ,haas,20,19,0.0,+2 Laps
2021,4,Spanish Grand Prix,catalunya,2021-05-09,tsunoda,TSU,alphatauri,16,20,0.0,Electrical
2021,5,Monaco Grand Prix,monaco,2021-05-23,max_verstappen,VER,red_bull,2,1,25.0,Finished
2021,5,Monaco Grand Prix,monaco,2021-05-23,sainz,SAI,ferrari,4,2,18.0,Finished
2021,5,Monaco Grand Prix,monaco,2021-05-23,norris,NOR,mclaren,5,3,15.0,Finished
2021,5,Monaco Grand Prix,monaco,2021-05-23,perez,PER,red_bull,9,4,12.0,Finished
2021,5,Monaco Grand Prix,monaco,2021-05-23,vettel,VET,aston_martin,8,5,10.0,Finished
2021,5,Monaco Grand Prix,monaco,2021-05-23,gasly,GAS,alphatauri,6,6,8.0,Finished
2021,5,Monaco Grand Prix,monaco,2021-05-23,hamilton,HAM,mercedes,7,7,7.0,Finished
2021,5,Monaco Grand Prix,monaco,2021-05-23,stroll,STR,aston_martin,13,8,4.0,+1 Lap
2021,5,Monaco Grand Prix,monaco,2021-05-23,ocon,OCO,alpine,11,9,2.0,+1 Lap
2021,5,Monaco Grand Prix,monaco,2021-05-23,giovinazzi,GIO,alfa,10,10,1.0,+1 Lap
2021,5,Monaco Grand Prix,monaco,2021-05-23,raikkonen,RAI,alfa,14,11,0.0,+1 Lap
2021,5,Monaco Grand Prix,monaco,2021-05-23,ricciardo,RIC,mclaren,12,12,0.0,+1 Lap
2021,5,Monaco Grand Prix,monaco,2021-05-23,alonso,ALO,alpine,17,13,0.0,+1 Lap
2021,5,Monaco Grand Prix,monaco,2021-05-23,russell,RUS,williams,15,14,0.0,+1 Lap
2021,5,Monaco Grand Prix,monaco,2021-05-23,latifi,LAT,williams,18,15,0.0,+1 Lap
2021,5,Monaco Grand Prix,monaco,2021-05-23,tsunoda,TSU,alphatauri,16,16,0.0,+1 Lap
2021,5,Monaco Grand Prix,monaco,2021-05-23,mazepin,MAZ,haas,19,17,0.0,+3 Laps
2021,5,Monaco Grand Prix,monaco,2021-05-23,mick_schumacher,MSC,haas,20,18,0.0,+3 Laps
2021,5,Monaco Grand Prix,monaco,2021-05-23,bottas,BOT,mercedes,3,19,0.0,Wheel nut
2021,5,Monaco Grand Prix,monaco,2021-05-23,leclerc,LEC,ferrari,1,20,0.0,Driveshaft
2021,6,Azerbaijan Grand Prix,baku,2021-06-06,perez,PER,red_bull,6,1,25.0,Finished
2021,6,Azerbaijan Grand Prix,baku,2021-06-06,vettel,VET,aston_martin,11,2,18.0,Finished
2021,6,Azerbaijan Grand Prix,baku,2021-06-06,gasly,GAS,alphatauri,4,3,15.0,Finished
2021,6,Azerbaijan Grand Prix,baku,2021-06-06,leclerc,LEC,ferrari,1,4,12.0,Finished
2021,6,Azerbaijan Grand Prix,baku,2021-06-06,norris,NOR,mclaren,9,5,10.0,Finished
2021,6,Azerbaijan Grand Prix,baku,2021-06-06,alonso,ALO,alpine,8,6,8.0,Finished
2021,6,Azerbaijan Grand Prix,baku,2021-06-06,tsunoda,TSU,alphatauri,7,7,6.0,Finished
2021,6,Azerbaijan Grand Prix,baku,2021-06-06,sainz,SAI,ferrari,5,8,4.0,Finished
2021,6,Azerbaijan Grand Prix,baku,2021-06-06,ricciardo,RIC,mclaren,13,9,2.0,Finished
2021,6,Azerbaijan Grand Prix,baku,2021-06-06,raikkonen,RAI,alfa,14,10,1.0,Finished
2021,6,Azerbaijan Grand Prix,baku,2021-06-06,giovinazzi,GIO,alfa,20,11,0.0,Finished
2021,6,Azerbaijan Grand Prix,baku,2021-06-06,bottas,BOT,mercedes,10,12,0.0,Finished
2021,6,Azerbaijan Grand Prix,baku,2021-06-06,mick_schumacher,MSC,haas,17,13,0.0,Finished
2021,6,Azerbaijan Grand Prix,baku,2021-06-06,mazepin,MAZ,haas,18,14,0.0,Finished
2021,6,Azerbaijan Grand Prix,baku,2021-06-06,hamilton,HAM,mercedes,2,15,0.0,Finished
2021,6,Azerbaijan Grand Prix,baku,2021-06-06,latifi,LAT,williams,16,16,0.0,Finished
2021,6,Azerbaijan Grand Prix,baku,2021-06-06,russell,RUS,williams,15,17,0.0,Gearbox
2021,6,Azerbaijan Grand Prix,baku,2021-06-06,max_verstappen,VER,red_bull,3,18,0.0,Accident
2021,6,Azerbaijan Grand Prix,baku,2021-06-06,stroll,STR,aston_martin,19,19,0.0,Accident
2021,6,Azerbaijan Grand Prix,baku,2021-06-06,ocon,OCO,alpine,12,20,0.0,Turbo
2021,7,French Grand Prix,ricard,2021-06-20,max_verstappen,VER,red_bull,1,1,26.0,Finished
2021,7,French Grand Prix,ricard,2021-06-20,hamilton,HAM,mercedes,2,2,18.0,Finished
2021,7,French Grand Prix,ricard,2021-06-20,perez,PER,red_bull,4,3,15.0,Finished
2021,7,French Grand Prix,ricard,2021-06-20,bottas,BOT,mercedes,3,4,12.0,Finished
2021,7,French Grand Prix,ricard,2021-06-20,norris,NOR,mclaren,8,5,10.0,Finished
2021,7,French Grand Prix,ricard,2021-06-20,ricciardo,RIC,mclaren,10,6,8.0,Finished
2021,7,French Grand Prix,ricard,2021-06-20,gasly,GAS,alphatauri,6,7,6.0,Finished
2021,7,French Grand Prix,ricard,2021-06-20,alonso,ALO,alpine,9,8,4.0,Finished
2021,7,French Grand Prix,ricard,2021-06-20,vettel,VET,aston_martin,12,9,2.0,Finished
2021,7,French Grand Prix,ricard,2021-06-20,stroll,STR,aston_martin,19,10,1.0,Finished
2021,7,French Grand Prix,ricard,2021-06-20,sainz,SAI,ferrari,5,11,0.0,Finished
2021,7,French Grand Prix,ricard,2021-06-20,russell,RUS,williams,14,12,0.0,+1 Lap
2021,7,French Grand Prix,ricard,2021-06-20,tsunoda,TSU,alphatauri,0,13,0.0,+1 Lap
2021,7,French Grand Prix,ricard,2021-06-20,ocon,OCO,alpine,11,14,0.0,+1 Lap
2021,7,French Grand Prix,ricard,2021-06-20,giovinazzi,GIO,alfa,13,15,0.0,+1 Lap
2021,7,French Grand Prix,ricard,2021-06-20,leclerc,LEC,ferrari,7,16,0.0,+1 Lap
2021,7,French Grand Prix,ricard,2021-06-20,raikkonen,RAI,alfa,17,17,0.0,+1 Lap
2021,7,French Grand Prix,ricard,2021-06-20,latifi,LAT,williams,16,18,0.0,+1 Lap
2021,7,French Grand Prix,ricard,2021-06-20,mick_schumacher,MSC,haas,15,19,0.0,+1 Lap
2021,7,French Grand Prix,ricard,2021-06-20,mazepin,MAZ,haas,18,20,0.0,+1 Lap
2021,8,Styrian Grand Prix,red_bull_ring,2021-06-27,max_verstappen,VER,red_bull,1,1,25.0,Finished
2021,8,Styrian Grand Prix,red_bull_ring,2021-06-27,hamilton,HAM,mercedes,2,2,19.0,Finished
2021,8,Styrian Grand Prix,red_bull_ring,2021-06-27,bottas,BOT,mercedes,5,3,15.0,Finished
2021,8,Styrian Grand Prix,red_bull_ring,2021-06-27,perez,PER,red_bull,4,4,12.0,Finished
2021,8,Styrian Grand Prix,red_bull_ring,2021-06-27,norris,NOR,mclaren,3,5,10.0,+1 Lap
2021,8,Styrian Grand Prix,red_bull_ring,2021-06-27,sainz,SAI,ferrari,12,6,8.0,+1 Lap
2021,8,Styrian Grand Prix,red_bull_ring,2021-06-27,leclerc,LEC,ferrari,7,7,6.0,+1 Lap
2021,8,Styrian Grand Prix,red_bull_ring,2021-06-27,stroll,STR,aston_martin,9,8,4.0,+1 Lap
2021,8,Styrian Grand Prix,red_bull_ring,2021-06-27,alonso,ALO,alpine,8,9,2.0,+1 Lap
2021,8,Styrian Grand Prix,red_bull_ring,2021-06-27,tsunoda,TSU,alphatauri,11,10,1.0,+1 Lap
2021,8,Styrian Grand Prix,red_bull_ring,2021-06-27,raikkonen,RAI,alfa,18,11,0.0,+1 Lap
2021,8,Styrian Grand Prix,red_bull_ring,2021-06-27,vettel,VET,aston_martin,14,12,0.0,+1 Lap
2021,8,Styrian Grand Prix,red_bull_ring,2021-06-27,ricciardo,RIC,mclaren,13,13,0.0,+1 Lap
2021,8,Styrian Grand Prix,red_bull_ring,2021-06-27,ocon,OCO,alpine,17,14,0.0,+1 Lap
2021,8,Styrian Grand Prix,red_bull_ring,2021-06-27,giovinazzi,GIO,alfa,15,15,0.0,+1 Lap
2021,8,Styrian Grand Prix,red_bull_ring,2021-06-27,mick_schumacher,MSC,haas,19,16,0.0,+2 Laps
2021,8,Styrian Grand Prix,red_bull_ring,2021-06-27,latifi,LAT,williams,16,17,0.0,+3 Laps
2021,8,Styrian Grand Prix,red_bull_ring,2021-06-27,mazepin,MAZ,haas,20,18,0.0,+3 Laps
2021,8,Styrian Grand Prix,red_bull_ring,2021-06-27,russell,RUS,williams,10,19,0.0,Engine
2021,8,Styrian Grand Prix,red_bull_ring,2021-06-27,gasly,GAS,alphatauri,6,20,0.0,Collision
2021,9,Austrian Grand Prix,red_bull_ring,2021-07-04,max_verstappen,VER,red_bull,1,1,26.0,Finished
2021,9,Austrian Grand Prix,red_bull_ring,2021-07-04,bottas,BOT,mercedes,5,2,18.0,Finished
2021,9,Austrian Grand Prix,red_bull_ring,2021-07-04,norris,NOR,mclaren,2,3,15.0,Finished
2021,9,Austrian Grand Prix,red_bull_ring,2021-07-04,hamilton,HAM,mercedes,4,4,12.0,Finished
2021,9,Austrian Grand Prix,red_bull_ring,2021-07-04,sainz,SAI,ferrari,10,5,10.0,Finished
2021,9,Austrian Grand Prix,red_bull_ring,2021-07-04,perez,PER,red_bull,3,6,8.0,Finished
2021,9,Austrian Grand Prix,red_bull_ring,2021-07-04,ricciardo,RIC,mclaren,13,7,6.0,Finished
2021,9,Austrian Grand Prix,red_bull_ring,2021-07-04,leclerc,LEC,ferrari,12,8,4.0,Finished
2021,9,Austrian Grand Prix,red_bull_ring,2021-07-04,gasly,GAS,alphatauri,6,9,2.0,Finished
2021,9,Austrian Grand Prix,red_bull_ring,2021-07-04,alonso,ALO,alpine,14,10,1.0,+1 Lap
2021,9,Austrian Grand Prix,red_bull_ring,2021-07-04,russell,RUS,williams,8,11,0.0,+1 Lap
2021,9,Austrian Grand Prix,red_bull_ring,2021-07-04,tsunoda,TSU,alphatauri,7,12,0.0,+1 Lap
2021,9,Austrian Grand Prix,red_bull_ring,2021-07-04,stroll,STR,aston_martin,9,13,0.0,+1 Lap
2021,9,Austrian Grand Prix,red_bull_ring,2021-07-04,giovinazzi,GIO,alfa,15,14,0.0,+1 Lap
2021,9,Austrian Grand Prix,red_bull_ring,2021-07-04,raikkonen,RAI,alfa,16,15,0.0,+1 Lap
2021,9,Austrian Grand Prix,red_bull_ring,2021-07-04,latifi,LAT,williams,18,16,0.0,+1 Lap
2021,9,Austrian Grand Prix,red_bull_ring,2021-07-04,vettel,VET,aston_martin,11,17,0.0,Collision
2021,9,Austrian Grand Prix,red_bull_ring,2021-07-04,mick_schumacher,MSC,haas,19,18,0.0,+2 Laps
2021,9,Austrian Grand Prix,red_bull_ring,2021-07-04,mazepin,MAZ,haas,20,19,0.0,+2 Laps
2021,9,Austrian Grand Prix,red_bull_ring,2021-07-04,ocon,OCO,alpine,17,20,0.0,Collision
2021,10,British Grand Prix,silverstone,2021-07-18,hamilton,HAM,mercedes,2,1,25.0,Finished
2021,10,British Grand Prix,silverstone,2021-07-18,leclerc,LEC,ferrari,4,2,18.0,Finished
2021,10,British Grand Prix,silverstone,2021-07-18,bottas,BOT,mercedes,3,3,15.0,Finished
2021,10,British Grand Prix,silverstone,2021-07-18,norris,NOR,mclaren,5,4,12.0,Finished
2021,10,British Grand Prix,silverstone,2021-07-18,ricciardo,RIC,mclaren,6,5,10.0,Finished
2021,10,British Grand Prix,silverstone,2021-07-18,sainz,SAI,ferrari,10,6,8.0,Finished
2021,10,British Grand Prix,silverstone,2021-07-18,alonso,ALO,alpine,7,7,6.0,Finished
2021,10,British Grand Prix,silverstone,2021-07-18,stroll,STR,aston_martin,14,8,4.0,Finished
2021,10,British Grand Prix,silverstone,2021-07-18,ocon,OCO,alpine,9,9,2.0,Finished
2021,10,British Grand Prix,silverstone,2021-07-18,tsunoda,TSU,alphatauri,16,10,1.0,Finished
2021,10,British Grand Prix,silverstone,2021-07-18,gasly,GAS,alphatauri,11,11,0.0,Finished
2021,10,British Grand Prix,silverstone,2021-07-18,russell,RUS,williams,12,12,0.0,+1 Lap
2021,10,British Grand Prix,silverstone,2021-07-18,giovinazzi,GIO,alfa,15,13,0.0,+1 Lap
2021,10,British Grand Prix,silverstone,2021-07-18,latifi,LAT,williams,17,14,0.0,+1 Lap
2021,10,British Grand Prix,silverstone,2021-07-18,raikkonen,RAI,alfa,13,15,0.0,+1 Lap
2021,10,British Grand Prix,silverstone,2021-07-18,perez,PER,red_bull,0,16,0.0,+1 Lap
2021,10,British Grand Prix,silverstone,2021-07-18,mazepin,MAZ,haas,19,17,0.0,+1 Lap
2021,10,British Grand Prix,silverstone,2021-07-18,mick_schumacher,MSC,haas,18,18,0.0,+1 Lap
2021,10,British Grand Prix,silverstone,2021-07-18,vettel,VET,aston_martin,8,19,0.0,Retired
2021,10,British Grand Prix,silverstone,2021-07-18,max_verstappen,VER,red_bull,1,20,0.0,Collision
2021,11,Hungarian Grand Prix,hungaroring,2021-08-01,ocon,OCO,alpine,8,1,25.0,Finished
2021,11,Hungarian Grand Prix,hungaroring,2021-08-01,hamilton,HAM,mercedes,1,2,18.0,Finished
2021,11,Hungarian Grand Prix,hungaroring,2021-08-01,sainz,SAI,ferrari,15,3,15.0,Finished
2021,11,Hungarian Grand Prix,hungaroring,2021-08-01,alonso,ALO,alpine,9,4,12.0,Finished
2021,11,Hungarian Grand Prix,hungaroring,2021-08-01,gasly,GAS,alphatauri,5,5,11.0,Finished
2021,11,Hungarian Grand Prix,hungaroring,2021-08-01,tsunoda,TSU,alphatauri,16,6,8.0,Finished
2021,11,Hungarian Grand Prix,hungaroring,2021-08-01,latifi,LAT,williams,18,7,6.0,Finished
2021,11,Hungarian Grand Prix,hungaroring,2021-08-01,russell,RUS,williams,17,8,4.0,Finished
2021,11,Hungarian Grand Prix,hungaroring,2021-08-01,max_verstappen,VER,red_bull,3,9,2.0,Finished
2021,11,Hungarian Grand Prix,hungaroring,2021-08-01,raikkonen,RAI,alfa,13,10,1.0,+1 Lap
2021,11,Hungarian Grand Prix,hungaroring,2021-08-01,ricciardo,RIC,mclaren,11,11,0.0,+1 Lap
2021,11,Hungarian Grand Prix,hungaroring,2021-08-01,mick_schumacher,MSC,haas,20,12,0.0,+1 Lap
2021,11,Hungarian Grand Prix,hungaroring,2021-08-01,giovinazzi,GIO,alfa,0,13,0.0,+1 Lap
2021,11,Hungarian Grand Prix,hungaroring,2021-08-01,mazepin,MAZ,haas,19,14,0.0,Collision
2021,11,Hungarian Grand Prix,hungaroring,2021-08-01,norris,NOR,mclaren,6,15,0.0,Collision
2021,11,Hungarian Grand Prix,hungaroring,2021-08-01,bottas,BOT,mercedes,2,16,0.0,Collision
2021,11,Hungarian Grand Prix,hungaroring,2021-08-01,perez,PER,red_bull,4,17,0.0,Collision
2021,11,Hungarian Grand Prix,hungaroring,2021-08-01,leclerc,LEC,ferrari,7,18,0.0,Collision
2021,11,Hungarian Grand Prix,hungaroring,2021-08-01,stroll,STR,aston_martin,12,19,0.0,Collision
2021,11,Hungarian Grand Prix,hungaroring,2021-08-01,vettel,VET,aston_martin,10,20,0.0,Disqualified
2021,12,Belgian Grand Prix,spa,2021-08-29,max_verstappen,VER,red_bull,1,1,12.5,Finished
2021,12,Belgian Grand Prix,spa,2021-08-29,russell,RUS,williams,2,2,9.0,Finished
2021,12,Belgian Grand Prix,spa,2021-08-29,hamilton,HAM,mercedes,3,3,7.5,Finished
2021,12,Belgian Grand Prix,spa,2021-08-29,ricciardo,RIC,mclaren,4,4,6.0,Finished
2021,12,Belgian Grand Prix,spa,2021-08-29,vettel,VET,aston_martin,5,5,5.0,Finished
2021,12,Belgian Grand Prix,spa,2021-08-29,gasly,GAS,alphatauri,6,6,4.0,Finished
2021,12,Belgian Grand Prix,spa,2021-08-29,ocon,OCO,alpine,8,7,3.0,Finished
2021,12,Belgian Grand Prix,spa,2021-08-29,leclerc,LEC,ferrari,9,8,2.0,Finished
2021,12,Belgian Grand Prix,spa,2021-08-29,latifi,LAT,williams,10,9,1.0,Finished
2021,12,Belgian Grand Prix,spa,2021-08-29,sainz,SAI,ferrari,11,10,0.5,Finished
2021,12,Belgian Grand Prix,spa,2021-08-29,alonso,ALO,alpine,12,11,0.0,Finished
2021,12,Belgian Grand Prix,spa,2021-08-29,bottas,BOT,mercedes,13,12,0.0,Finished
2021,12,Belgian Grand Prix,spa,2021-08-29,giovinazzi,GIO,alfa,14,13,0.0,Finished
2021,12,Belgian Grand Prix,spa,2021-08-29,norris,NOR,mclaren,15,14,0.0,Finished
2021,12,Belgian Grand Prix,spa,2021-08-29,tsunoda,TSU,alphatauri,16,15,0.0,Finished
2021,12,Belgian Grand Prix,spa,2021-08-29,mick_schumacher,MSC,haas,17,16,0.0,Finished
2021,12,Belgian Grand Prix,spa,2021-08-29,mazepin,MAZ,haas,18,17,0.0,Finished
2021,12,Belgian Grand Prix,spa,2021-08-29,raikkonen,RAI,alfa,0,18,0.0,Finished
2021,12,Belgian Grand Prix,spa,2021-08-29,perez,PER,red_bull,0,19,0.0,Finished
2021,12,Belgian Grand Prix,spa,2021-08-29,stroll,STR,aston_martin,19,20,0.0,Finished
2021,13,Dutch Grand Prix,zandvoort,2021-09-05,max_verstappen,VER,red_bull,1,1,25.0,Finished
2021,13,Dutch Grand Prix,zandvoort,2021-09-05,hamilton,HAM,mercedes,2,2,19.0,Finished
2021,13,Dutch Grand Prix,zandvoort,2021-09-05,bottas,BOT,mercedes,3,3,15.0,Finished
2021,13,Dutch Grand Prix,zandvoort,2021-09-05,gasly,GAS,alphatauri,4,4,12.0,+1 Lap
2021,13,Dutch Grand Prix,zandvoort,2021-09-05,leclerc,LEC,ferrari,5,5,10.0,+1 Lap
2021,13,Dutch Grand Prix,zandvoort,2021-09-05,alonso,ALO,alpine,9,6,8.0,+1 Lap
2021,13,Dutch Grand Prix,zandvoort,2021-09-05,sainz,SAI,ferrari,6,7,6.0,+1 Lap
2021,13,Dutch Grand Prix,zandvoort,2021-09-05,perez,PER,red_bull,0,8,4.0,+1 Lap
2021,13,Dutch Grand Prix,zandvoort,2021-09-05,ocon,OCO,alpine,8,9,2.0,+1 Lap
2021,13,Dutch Grand Prix,zandvoort,2021-09-05,norris,NOR,mclaren,13,10,1.0,+1 Lap
2021,13,Dutch Grand Prix,zandvoort,2021-09-05,ricciardo,RIC,mclaren,10,11,0.0,+1 Lap
2021,13,Dutch Grand Prix,zandvoort,2021-09-05,stroll,STR,aston_martin,12,12,0.0,+2 Laps
2021,13,Dutch Grand Prix,zandvoort,2021-09-05,vettel,VET,aston_martin,15,13,0.0,+2 Laps
2021,13,Dutch Grand Prix,zandvoort,2021-09-05,giovinazzi,GIO,alfa,7,14,0.0,+2 Laps
2021,13,Dutch Grand Prix,zandvoort,2021-09-05,kubica,KUB,alfa,16,15,0.0,+2 Laps
2021,13,Dutch Grand Prix,zandvoort,2021-09-05,latifi,LAT,williams,0,16,0.0,+2 Laps
2021,13,Dutch Grand Prix,zandvoort,2021-09-05,russell,RUS,williams,11,17,0.0,Gearbox
2021,13,Dutch Grand Prix,zandvoort,2021-09-05,mick_schumacher,MSC,haas,17,18,0.0,+3 Laps
2021,13,Dutch Grand Prix,zandvoort,2021-09-05,tsunoda,TSU,alphatauri,14,19,0.0,Power Unit
2021,13,Dutch Grand Prix,zandvoort,2021-09-05,mazepin,MAZ,haas,18,20,0.0,Hydraulics
2021,14,Italian Grand Prix,monza,2021-09-12,ricciardo,RIC,mclaren,2,1,26.0,Finished
2021,14,Italian Grand Prix,monza,2021-09-12,norris,NOR,mclaren,3,2,18.0,Finished
2021,14,Italian Grand Prix,monza,2021-09-12,bottas,BOT,mercedes,19,3,15.0,Finished
2021,14,Italian Grand Prix,monza,2021-09-12,leclerc,LEC,ferrari,5,4,12.0,Finished
2021,14,Italian Grand Prix,monza,2021-09-12,perez,PER,red_bull,8,5,10.0,Finished
2021,14,Italian Grand Prix,monza,2021-09-12,sainz,SAI,ferrari,6,6,8.0,Finished
2021,14,Italian Grand Prix,monza,2021-09-12,stroll,STR,aston_martin,9,7,6.0,Finished
2021,14,Italian Grand Prix,monza,2021-09-12,alonso,ALO,alpine,10,8,4.0,Finished
2021,14,Italian Grand Prix,monza,2021-09-12,russell,RUS,williams,14,9,2.0,Finished
2021,14,Italian Grand Prix,monza,2021-09-12,ocon,OCO,alpine,12,10,1.0,Finished
2021,14,Italian Grand Prix,monza,2021-09-12,latifi,LAT,williams,13,11,0.0,Finished
2021,14,Italian Grand Prix,monza,2021-09-12,vettel,VET,aston_martin,11,12,0.0,Finished
2021,14,Italian Grand Prix,monza,2021-09-12,giovinazzi,GIO,alfa,7,13,0.0,Finished
2021,14,Italian Grand Prix,monza,2021-09-12,kubica,KUB,alfa,17,14,0.0,Finished
2021,14,Italian Grand Prix,monza,2021-09-12,mick_schumacher,MSC,haas,18,15,0.0,Finished
2021,14,Italian Grand Prix,monza,2021-09-12,mazepin,MAZ,haas,16,16,0.0,Power Unit
2021,14,Italian Grand Prix,monza,2021-09-12,hamilton,HAM,mercedes,4,17,0.0,Collision
2021,14,Italian Grand Prix,monza,2021-09-12,max_verstappen,VER,red_bull,1,18,0.0,Collision
2021,14,Italian Grand Prix,monza,2021-09-12,gasly,GAS,alphatauri,0,19,0.0,Suspension
2021,14,Italian Grand Prix,monza,2021-09-12,tsunoda,TSU,alphatauri,0,20,0.0,Brakes
2021,15,Russian Grand Prix,sochi,2021-09-26,hamilton,HAM,mercedes,4,1,25.0,Finished
2021,15,Russian Grand Prix,sochi,2021-09-26,max_verstappen,VER,red_bull,20,2,18.0,Finished
2021,15,Russian Grand Prix,sochi,2021-09-26,sainz,SAI,ferrari,2,3,15.0,Finished
2021,15,Russian Grand Prix,sochi,2021-09-26,ricciardo,RIC,mclaren,5,4,12.0,Finished
2021,15,Russian Grand Prix,sochi,2021-09-26,bottas,BOT,mercedes,16,5,10.0,Finished
2021,15,Russian Grand Prix,sochi,2021-09-26,alonso,ALO,alpine,6,6,8.0,Finished
2021,15,Russian Grand Prix,sochi,2021-09-26,norris,NOR,mclaren,1,7,7.0,Finished
2021,15,Russian Grand Prix,sochi,2021-09-26,raikkonen,RAI,alfa,13,8,4.0,Finished
2021,15,Russian Grand Prix,sochi,2021-09-26,perez,PER,red_bull,8,9,2.0,Finished
2021,15,Russian Grand Prix,sochi,2021-09-26,russell,RUS,williams,3,10,1.0,Finished
2021,15,Russian Grand Prix,sochi,2021-09-26,stroll,STR,aston_martin,7,11,0.0,Finished
2021,15,Russian Grand Prix,sochi,2021-09-26,vettel,VET,aston_martin,10,12,0.0,+1 Lap
2021,15,Russian Grand Prix,sochi,2021-09-26,gasly,GAS,alphatauri,11,13,0.0,+1 Lap
2021,15,Russian Grand Prix,sochi,2021-09-26,ocon,OCO,alpine,9,14,0.0,+1 Lap
2021,15,Russian Grand Prix,sochi,2021-09-26,leclerc,LEC,ferrari,19,15,0.0,+1 Lap
2021,15,Russian Grand Prix,sochi,2021-09-26,giovinazzi,GIO,alfa,17,16,0.0,+1 Lap
2021,15,Russian Grand Prix,sochi,2021-09-26,tsunoda,TSU,alphatauri,12,17,0.0,+1 Lap
2021,15,Russian Grand Prix,sochi,2021-09-26,mazepin,MAZ,haas,15,18,0.0,+2 Laps
2021,15,Russian Grand Prix,sochi,2021-09-26,latifi,LAT,williams,18,19,0.0,Accident
2021,15,Russian Grand Prix,sochi,2021-09-26,mick_schumacher,MSC,haas,14,20,0.0,Oil leak
2021,16,Turkish Grand Prix,istanbul,2021-10-10,bottas,BOT,mercedes,1,1,26.0,Finished
2021,16,Turkish Grand Prix,istanbul,2021-10-10,max_verstappen,VER,red_bull,2,2,18.0,Finished
2021,16,Turkish Grand Prix,istanbul,2021-10-10,perez,PER,red_bull,6,3,15.0,Finished
2021,16,Turkish Grand Prix,istanbul,2021-10-10,leclerc,LEC,ferrari,3,4,12.0,Finished
2021,16,Turkish Grand Prix,istanbul,2021-10-10,hamilton,HAM,mercedes,11,5,10.0,Finished
2021,16,Turkish Grand Prix,istanbul,2021-10-10,gasly,GAS,alphatauri,4,6,8.0,Finished
2021,16,Turkish Grand Prix,istanbul,2021-10-10,norris,NOR,mclaren,7,7,6.0,Finished
2021,16,Turkish Grand Prix,istanbul,2021-10-10,sainz,SAI,ferrari,19,8,4.0,Finished
2021,16,Turkish Grand Prix,istanbul,2021-10-10,stroll,STR,aston_martin,8,9,2.0,Finished
2021,16,Turkish Grand Prix,istanbul,2021-10-10,ocon,OCO,alpine,12,10,1.0,+1 Lap
2021,16,Turkish Grand Prix,istanbul,2021-10-10,giovinazzi,GIO,alfa,16,11,0.0,+1 Lap
2021,16,Turkish Grand Prix,istanbul,2021-10-10,raikkonen,RAI,alfa,17,12,0.0,+1 Lap
2021,16,Turkish Grand Prix,istanbul,2021-10-10,ricciardo,RIC,mclaren,20,13,0.0,+1 Lap
2021,16,Turkish Grand Prix,istanbul,2021-10-10,tsunoda,TSU,alphatauri,9,14,0.0,+1 Lap
2021,16,Turkish Grand Prix,istanbul,2021-10-10,russell,RUS,williams,13,15,0.0,+1 Lap
2021,16,Turkish Grand Prix,istanbul,2021-10-10,alonso,ALO,alpine,5,16,0.0,+1 Lap
2021,16,Turkish Grand Prix,istanbul,2021-10-10,latifi,LAT,williams,15,17,0.0,+1 Lap
2021,16,Turkish Grand Prix,istanbul,2021-10-10,vettel,VET,aston_martin,10,18,0.0,+1 Lap
2021,16,Turkish Grand Prix,istanbul,2021-10-10,mick_schumacher,MSC,haas,14,19,0.0,+2 Laps
2021,16,Turkish Grand Prix,istanbul,2021-10-10,mazepin,MAZ,haas,18,20,0.0,+2 Laps
2021,17,United States Grand Prix,americas,2021-10-24,max_verstappen,VER,red_bull,1,1,25.0,Finished
2021,17,United States Grand Prix,americas,2021-10-24,hamilton,HAM,mercedes,2,2,19.0,Finished
2021,17,United States Grand Prix,americas,2021-10-24,perez,PER,red_bull,3,3,15.0,Finished
2021,17,United States Grand Prix,americas,2021-10-24,leclerc,LEC,ferrari,4,4,12.0,Finished
2021,17,United States Grand Prix,americas,2021-10-24,ricciardo,RIC,mclaren,6,5,10.0,Finished
2021,17,United States Grand Prix,americas,2021-10-24,bottas,BOT,mercedes,9,6,8.0,Finished
2021,17,United States Grand Prix,americas,2021-10-24,sainz,SAI,ferrari,5,7,6.0,Finished
2021,17,United States Grand Prix,americas,2021-10-24,norris,NOR,mclaren,7,8,4.0,Finished
2021,17,United States Grand Prix,americas,2021-10-24,tsunoda,TSU,alphatauri,10,9,2.0,+1 Lap
2021,17,United States Grand Prix,americas,2021-10-24,vettel,VET,aston_martin,18,10,1.0,+1 Lap
2021,17,United States Grand Prix,americas,2021-10-24,giovinazzi,GIO,alfa,12,11,0.0,+1 Lap
2021,17,United States Grand Prix,americas,2021-10-24,stroll,STR,aston_martin,13,12,0.0,+1 Lap
2021,17,United States Grand Prix,americas,2021-10-24,raikkonen,RAI,alfa,15,13,0.0,+1 Lap
2021,17,United States Grand Prix,americas,2021-10-24,russell,RUS,williams,20,14,0.0,+1 Lap
2021,17,United States Grand Prix,americas,2021-10-24,latifi,LAT,williams,14,15,0.0,+1 Lap
2021,17,United States Grand Prix,americas,2021-10-24,mick_schumacher,MSC,haas,16,16,0.0,+2 Laps
2021,17,United States Grand Prix,americas,2021-10-24,mazepin,MAZ,haas,17,17,0.0,+2 Laps
2021,17,United States Grand Prix,americas,2021-10-24,alonso,ALO,alpine,19,18,0.0,Rear wing
2021,17,United States Grand Prix,americas,2021-10-24,ocon,OCO,alpine,11,19,0.0,Mechanical
2021,17,United States Grand Prix,americas,2021-10-24,gasly,GAS,alphatauri,8,20,0.0,Suspension
2021,18,Mexico City Grand Prix,rodriguez,2021-11-07,max_verstappen,VER,red_bull,3,1,25.0,Finished
2021,18,Mexico City Grand Prix,rodriguez,2021-11-07,hamilton,HAM,mercedes,2,2,18.0,Finished
2021,18,Mexico City Grand Prix,rodriguez,2021-11-07,perez,PER,red_bull,4,3,15.0,Finished
2021,18,Mexico City Grand Prix,rodriguez,2021-11-07,gasly,GAS,alphatauri,5,4,12.0,Finished
2021,18,Mexico City Grand Prix,rodriguez,2021-11-07,leclerc,LEC,ferrari,8,5,10.0,Finished
2021,18,Mexico City Grand Prix,rodriguez,2021-11-07,sainz,SAI,ferrari,6,6,8.0,+1 Lap
2021,18,Mexico City Grand Prix,rodriguez,2021-11-07,vettel,VET,aston_martin,9,7,6.0,+1 Lap
2021,18,Mexico City Grand Prix,rodriguez,2021-11-07,raikkonen,RAI,alfa,10,8,4.0,+1 Lap
2021,18,Mexico City Grand Prix,rodriguez,2021-11-07,alonso,ALO,alpine,12,9,2.0,+1 Lap
2021,18,Mexico City Grand Prix,rodriguez,2021-11-07,norris,NOR,mclaren,18,10,1.0,+1 Lap
2021,18,Mexico City Grand Prix,rodriguez,2021-11-07,giovinazzi,GIO,alfa,11,11,0.0,+1 Lap
2021,18,Mexico City Grand Prix,rodriguez,2021-11-07,ricciardo,RIC,mclaren,7,12,0.0,+1 Lap
2021,18,Mexico City Grand Prix,rodriguez,2021-11-07,ocon,OCO,alpine,19,13,0.0,+1 Lap
2021,18,Mexico City Grand Prix,rodriguez,2021-11-07,stroll,STR,aston_martin,20,14,0.0,+2 Laps
2021,18,Mexico City Grand Prix,rodriguez,2021-11-07,bottas,BOT,mercedes,1,15,0.0,+2 Laps
2021,18,Mexico City Grand Prix,rodriguez,2021-11-07,russell,RUS,williams,16,16,0.0,+2 Laps
2021,18,Mexico City Grand Prix,rodriguez,2021-11-07,latifi,LAT,williams,13,17,0.0,+2 Laps
2021,18,Mexico City Grand Prix,rodriguez,2021-11-07,mazepin,MAZ,haas,15,18,0.0,+3 Laps
2021,18,Mexico City Grand Prix,rodriguez,2021-11-07,mick_schumacher,MSC,haas,14,19,0.0,Collision
2021,18,Mexico City Grand Prix,rodriguez,2021-11-07,tsunoda,TSU,alphatauri,17,20,0.0,Collision
2021,19,São Paulo Grand Prix,interlagos,2021-11-14,hamilton,HAM,mercedes,10,1,25.0,Finished
2021,19,São Paulo Grand Prix,interlagos,2021-11-14,max_verstappen,VER,red_bull,2,2,18.0,Finished
2021,19,São Paulo Grand Prix,interlagos,2021-11-14,bottas,BOT,mercedes,1,3,15.0,Finished
2021,19,São Paulo Grand Prix,interlagos,2021-11-14,perez,PER,red_bull,4,4,13.0,Finished
2021,19,São Paulo Grand Prix,interlagos,2021-11-14,leclerc,LEC,ferrari,6,5,10.0,Finished
2021,19,São Paulo Grand Prix,interlagos,2021-11-14,sainz,SAI,ferrari,3,6,8.0,Finished
2021,19,São Paulo Grand Prix,interlagos,2021-11-14,gasly,GAS,alphatauri,7,7,6.0,+1 Lap
2021,19,São Paulo Grand Prix,interlagos,2021-11-14,ocon,OCO,alpine,8,8,4.0,+1 Lap
2021,19,São Paulo Grand Prix,interlagos,2021-11-14,alonso,ALO,alpine,12,9,2.0,+1 Lap
2021,19,São Paulo Grand Prix,interlagos,2021-11-14,norris,NOR,mclaren,5,10,1.0,+1 Lap
2021,19,São Paulo Grand Prix,interlagos,2021-11-14,vettel,VET,aston_martin,9,11,0.0,+1 Lap
2021,19,São Paulo Grand Prix,interlagos,2021-11-14,raikkonen,RAI,alfa,0,12,0.0,+1 Lap
2021,19,São Paulo Grand Prix,interlagos,2021-11-14,russell,RUS,williams,17,13,0.0,+1 Lap
2021,19,São Paulo Grand Prix,interlagos,2021-11-14,giovinazzi,GIO,alfa,13,14,0.0,+1 Lap
2021,19,São Paulo Grand Prix,interlagos,2021-11-14,tsunoda,TSU,alphatauri,15,15,0.0,+1 Lap
2021,19,São Paulo Grand Prix,interlagos,2021-11-14,latifi,LAT,williams,16,16,0.0,+1 Lap
2021,19,São Paulo Grand Prix,interlagos,2021-11-14,mazepin,MAZ,haas,19,17,0.0,+2 Laps
2021,19,São Paulo Grand Prix,interlagos,2021-11-14,mick_schumacher,MSC,haas,18,18,0.0,+2 Laps
2021,19,São Paulo Grand Prix,interlagos,2021-11-14,ricciardo,RIC,mclaren,11,19,0.0,Power loss
2021,19,São Paulo Grand Prix,interlagos,2021-11-14,stroll,STR,aston_martin,14,20,0.0,Collision damage
2021,20,Qatar Grand Prix,losail,2021-11-21,hamilton,HAM,mercedes,1,1,25.0,Finished
2021,20,Qatar Grand Prix,losail,2021-11-21,max_verstappen,VER,red_bull,7,2,19.0,Finished
2021,20,Qatar Grand Prix,losail,2021-11-21,alonso,ALO,alpine,3,3,15.0,Finished
2021,20,Qatar Grand Prix,losail,2021-11-21,perez,PER,red_bull,11,4,12.0,Finished
2021,20,Qatar Grand Prix,losail,2021-11-21,ocon,OCO,alpine,9,5,10.0,Finished
2021,20,Qatar Grand Prix,losail,2021-11-21,stroll,STR,aston_martin,12,6,8.0,Finished
2021,20,Qatar Grand Prix,losail,2021-11-21,sainz,SAI,ferrari,5,7,6.0,Finished
2021,20,Qatar Grand Prix,losail,2021-11-21,leclerc,LEC,ferrari,13,8,4.0,Finished
2021,20,Qatar Grand Prix,losail,2021-11-21,norris,NOR,mclaren,4,9,2.0,+1 Lap
2021,20,Qatar Grand Prix,losail,2021-11-21,vettel,VET,aston_martin,10,10,1.0,+1 Lap
2021,20,Qatar Grand Prix,losail,2021-11-21,gasly,GAS,alphatauri,2,11,0.0,+1 Lap
2021,20,Qatar Grand Prix,losail,2021-11-21,ricciardo,RIC,mclaren,14,12,0.0,+1 Lap
2021,20,Qatar Grand Prix,losail,2021-11-21,tsunoda,TSU,alphatauri,8,13,0.0,+1 Lap
2021,20,Qatar Grand Prix,losail,2021-11-21,raikkonen,RAI,alfa,16,14,0.0,+1 Lap
2021,20,Qatar Grand Prix,losail,2021-11-21,giovinazzi,GIO,alfa,18,15,0.0,+1 Lap
2021,20,Qatar Grand Prix,losail,2021-11-21,mick_schumacher,MSC,haas,19,16,0.0,+1 Lap
2021,20,Qatar Grand Prix,losail,2021-11-21,russell,RUS,williams,15,17,0.0,+2 Laps
2021,20,Qatar Grand Prix,losail,2021-11-21,mazepin,MAZ,haas,20,18,0.0,+2 Laps
2021,20,Qatar Grand Prix,losail,2021-11-21,latifi,LAT,williams,17,19,0.0,Puncture
2021,20,Qatar Grand Prix,losail,2021-11-21,bottas,BOT,mercedes,6,20,0.0,Damage
2021,21,Saudi Arabian Grand Prix,jeddah,2021-12-05,hamilton,HAM,mercedes,1,1,26.0,Finished
2021,21,Saudi Arabian Grand Prix,jeddah,2021-12-05,max_verstappen,VER,red_bull,3,2,18.0,Finished
2021,21,Saudi Arabian Grand Prix,jeddah,2021-12-05,bottas,BOT,mercedes,2,3,15.0,Finished
2021,21,Saudi Arabian Grand Prix,jeddah,2021-12-05,ocon,OCO,alpine,9,4,12.0,Finished
2021,21,Saudi Arabian Grand Prix,jeddah,2021-12-05,ricciardo,RIC,mclaren,11,5,10.0,Finished
2021,21,Saudi Arabian Grand Prix,jeddah,2021-12-05,gasly,GAS,alphatauri,6,6,8.0,Finished
2021,21,Saudi Arabian Grand Prix,jeddah,2021-12-05,leclerc,LEC,ferrari,4,7,6.0,Finished
2021,21,Saudi Arabian Grand Prix,jeddah,2021-12-05,sainz,SAI,ferrari,15,8,4.0,Finished
2021,21,Saudi Arabian Grand Prix,jeddah,2021-12-05,giovinazzi,GIO,alfa,10,9,2.0,Finished
2021,21,Saudi Arabian Grand Prix,jeddah,2021-12-05,norris,NOR,mclaren,7,10,1.0,Finished
2021,21,Saudi Arabian Grand Prix,jeddah,2021-12-05,stroll,STR,aston_martin,18,11,0.0,Finished
2021,21,Saudi Arabian Grand Prix,jeddah,2021-12-05,latifi,LAT,williams,16,12,0.0,Finished
2021,21,Saudi Arabian Grand Prix,jeddah,2021-12-05,alonso,ALO,alpine,13,13,0.0,+1 Lap
2021,21,Saudi Arabian Grand Prix,jeddah,2021-12-05,tsunoda,TSU,alphatauri,8,14,0.0,+1 Lap
2021,21,Saudi Arabian Grand Prix,jeddah,2021-12-05,raikkonen,RAI,alfa,12,15,0.0,+1 Lap
2021,21,Saudi Arabian Grand Prix,jeddah,2021-12-05,vettel,VET,aston_martin,17,16,0.0,Collision damage
2021,21,Saudi Arabian Grand Prix,jeddah,2021-12-05,perez,PER,red_bull,5,17,0.0,Collision
2021,21,Saudi Arabian Grand Prix,jeddah,2021-12-05,mazepin,MAZ,haas,20,18,0.0,Collision
2021,21,Saudi Arabian Grand Prix,jeddah,2021-12-05,russell,RUS,williams,14,19,0.0,Collision
2021,21,Saudi Arabian Grand Prix,jeddah,2021-12-05,mick_schumacher,MSC,haas,19,20,0.0,Accident
2021,22,Abu Dhabi Grand Prix,yas_marina,2021-12-12,max_verstappen,VER,red_bull,1,1,26.0,Finished
2021,22,Abu Dhabi Grand Prix,yas_marina,2021-12-12,hamilton,HAM,mercedes,2,2,18.0,Finished
2021,22,Abu Dhabi Grand Prix,yas_marina,2021-12-12,sainz,SAI,ferrari,5,3,15.0,Finished
2021,22,Abu Dhabi Grand Prix,yas_marina,2021-12-12,tsunoda,TSU,alphatauri,8,4,12.0,Finished
2021,22,Abu Dhabi Grand Prix,yas_marina,2021-12-12,gasly,GAS,alphatauri,12,5,10.0,Finished
2021,22,Abu Dhabi Grand Prix,yas_marina,2021-12-12,bottas,BOT,mercedes,6,6,8.0,Finished
2021,22,Abu Dhabi Grand Prix,yas_marina,2021-12-12,norris,NOR,mclaren,3,7,6.0,Finished
2021,22,Abu Dhabi Grand Prix,yas_marina,2021-12-12,alonso,ALO,alpine,11,8,4.0,Finished
2021,22,Abu Dhabi Grand Prix,yas_marina,2021-12-12,ocon,OCO,alpine,9,9,2.0,Finished
2021,22,Abu Dhabi Grand Prix,yas_marina,2021-12-12,leclerc,LEC,ferrari,7,10,1.0,Finished
2021,22,Abu Dhabi Grand Prix,yas_marina,2021-12-12,vettel,VET,aston_martin,15,11,0.0,Finished
2021,22,Abu Dhabi Grand Prix,yas_marina,2021-12-12,ricciardo,RIC,mclaren,10,12,0.0,+1 Lap
2021,22,Abu Dhabi Grand Prix,yas_marina,2021-12-12,stroll,STR,aston_martin,13,13,0.0,+1 Lap
2021,22,Abu Dhabi Grand Prix,yas_marina,2021-12-12,mick_schumacher,MSC,haas,19,14,0.0,+1 Lap
2021,22,Abu Dhabi Grand Prix,yas_marina,2021-12-12,perez,PER,red_bull,4,15,0.0,Engine
2021,22,Abu Dhabi Grand Prix,yas_marina,2021-12-12,latifi,LAT,williams,16,16,0.0,Accident
2021,22,Abu Dhabi Grand Prix,yas_marina,2021-12-12,giovinazzi,GIO,alfa,14,17,0.0,Gearbox
2021,22,Abu Dhabi Grand Prix,yas_marina,2021-12-12,russell,RUS,williams,17,18,0.0,Gearbox
2021,22,Abu Dhabi Grand Prix,yas_marina,2021-12-12,raikkonen,RAI,alfa,18,19,0.0,Brakes
2021,22,Abu Dhabi Grand Prix,yas_marina,2021-12-12,mazepin,MAZ,haas,20,20,0.0,Illness
2022,1,Bahrain Grand Prix,bahrain,2022-03-20,leclerc,LEC,ferrari,1,1,26.0,Finished
2022,1,Bahrain Grand Prix,bahrain,2022-03-20,sainz,SAI,ferrari,3,2,18.0,Finished
2022,1,Bahrain Grand Prix,bahrain,2022-03-20,hamilton,HAM,mercedes,5,3,15.0,Finished
2022,1,Bahrain Grand Prix,bahrain,2022-03-20,russell,RUS,mercedes,9,4,12.0,Finished
2022,1,Bahrain Grand Prix,bahrain,2022-03-20,kevin_magnussen,MAG,haas,7,5,10.0,Finished
2022,1,Bahrain Grand Prix,bahrain,2022-03-20,bottas,BOT,alfa,6,6,8.0,Finished
2022,1,Bahrain Grand Prix,bahrain,2022-03-20,ocon,OCO,alpine,11,7,6.0,Finished
2022,1,Bahrain Grand Prix,bahrain,2022-03-20,tsunoda,TSU,alphatauri,16,8,4.0,Finished
2022,1,Bahrain Grand Prix,bahrain,2022-03-20,alonso,ALO,alpine,8,9,2.0,Finished
2022,1,Bahrain Grand Prix,bahrain,2022-03-20,zhou,ZHO,alfa,15,10,1.0,Finished
2022,1,Bahrain Grand Prix,bahrain,2022-03-20,mick_schumacher,MSC,haas,12,11,0.0,Finished
2022,1,Bahrain Grand Prix,bahrain,2022-03-20,stroll,STR,aston_martin,19,12,0.0,Finished
2022,1,Bahrain Grand Prix,bahrain,2022-03-20,albon,ALB,williams,14,13,0.0,Finished
2022,1,Bahrain Grand Prix,bahrain,2022-03-20,ricciardo,RIC,mclaren,18,14,0.0,Finished
2022,1,Bahrain Grand Prix,bahrain,2022-03-20,norris,NOR,mclaren,13,15,0.0,Finished
2022,1,Bahrain Grand Prix,bahrain,2022-03-20,latifi,LAT,williams,20,16,0.0,Finished
2022,1,Bahrain Grand Prix,bahrain,2022-03-20,hulkenberg,HUL,aston_martin,17,17,0.0,Finished
2022,1,Bahrain Grand Prix,bahrain,2022-03-20,perez,PER,red_bull,4,18,0.0,Fuel pressure
2022,1,Bahrain Grand Prix,bahrain,2022-03-20,max_verstappen,VER,red_bull,2,19,0.0,Fuel pressure
2022,1,Bahrain Grand Prix,bahrain,2022-03-20,gasly,GAS,alphatauri,10,20,0.0,Power Unit
2022,2,Saudi Arabian Grand Prix,jeddah,2022-03-27,max_verstappen,VER,red_bull,4,1,25.0,Finished
2022,2,Saudi Arabian Grand Prix,jeddah,2022-03-27,leclerc,LEC,ferrari,2,2,19.0,Finished
2022,2,Saudi Arabian Grand Prix,jeddah,2022-03-27,sainz,SAI,ferrari,3,3,15.0,Finished
2022,2,Saudi Arabian Grand Prix,jeddah,2022-03-27,perez,PER,red_bull,1,4,12.0,Finished
2022,2,Saudi Arabian Grand Prix,jeddah,2022-03-27,russell,RUS,mercedes,6,5,10.0,Finished
2022,2,Saudi Arabian Grand Prix,jeddah,2022-03-27,ocon,OCO,alpine,5,6,8.0,Finished
2022,2,Saudi Arabian Grand Prix,jeddah,2022-03-27,norris,NOR,mclaren,11,7,6.0,Finished
2022,2,Saudi Arabian Grand Prix,jeddah,2022-03-27,gasly,GAS,alphatauri,9,8,4.0,Finished
2022,2,Saudi Arabian Grand Prix,jeddah,2022-03-27,kevin_magnussen,MAG,haas,10,9,2.0,Finished
2022,2,Saudi Arabian Grand Prix,jeddah,2022-03-27,hamilton,HAM,mercedes,15,10,1.0,Finished
2022,2,Saudi Arabian Grand Prix,jeddah,2022-03-27,zhou,ZHO,alfa,12,11,0.0,Finished
2022,2,Saudi Arabian Grand Prix,jeddah,2022-03-27,hulkenberg,HUL,aston_martin,17,12,0.0,Finished
2022,2,Saudi Arabian Grand Prix,jeddah,2022-03-27,stroll,STR,aston_martin,13,13,0.0,+1 Lap
2022,2,Saudi Arabian Grand Prix,jeddah,2022-03-27,albon,ALB,williams,16,14,0.0,Collision damage
2022,2,Saudi Arabian Grand Prix,jeddah,2022-03-27,bottas,BOT,alfa,8,15,0.0,Cooling system
2022,2,Saudi Arabian Grand Prix,jeddah,2022-03-27,alonso,ALO,alpine,7,16,0.0,Water pump
2022,2,Saudi Arabian Grand Prix,jeddah,2022-03-27,ricciardo,RIC,mclaren,14,17,0.0,Gearbox
2022,2,Saudi Arabian Grand Prix,jeddah,2022-03-27,latifi,LAT,williams,18,18,0.0,Accident
2022,2,Saudi Arabian Grand Prix,jeddah,2022-03-27,tsunoda,TSU,alphatauri,19,19,0.0,Power Unit
2022,2,Saudi Arabian Grand Prix,jeddah,2022-03-27,mick_schumacher,MSC,haas,0,20,0.0,Withdrew
2022,3,Australian Grand Prix,albert_park,2022-04-10,leclerc,LEC,ferrari,1,1,26.0,Finished
2022,3,Australian Grand Prix,albert_park,2022-04-10,perez,PER,red_bull,3,2,18.0,Finished
2022,3,Australian Grand Prix,albert_park,2022-04-10,russell,RUS,mercedes,6,3,15.0,Finished
2022,3,Australian Grand Prix,albert_park,2022-04-10,hamilton,HAM,mercedes,5,4,12.0,Finished
2022,3,Australian Grand Prix,albert_park,2022-04-10,norris,NOR,mclaren,4,5,10.0,Finished
2022,3,Australian Grand Prix,albert_park,2022-04-10,ricciardo,RIC,mclaren,7,6,8.0,Finished
2022,3,Australian Grand Prix,albert_park,2022-04-10,ocon,OCO,alpine,8,7,6.0,Finished
2022,3,Australian Grand Prix,albert_park,2022-04-10,bottas,BOT,alfa,12,8,4.0,Finished
2022,3,Australian Grand Prix,albert_park,2022-04-10,gasly,GAS,alphatauri,11,9,2.0,Finished
2022,3,Australian Grand Prix,albert_park,2022-04-10,albon,ALB,williams,20,10,1.0,Finished
2022,3,Australian Grand Prix,albert_park,2022-04-10,zhou,ZHO,alfa,14,11,0.0,Finished
2022,3,Australian Grand Prix,albert_park,2022-04-10,stroll,STR,aston_martin,19,12,0.0,Finished
2022,3,Australian Grand Prix,albert_park,2022-04-10,mick_schumacher,MSC,haas,15,13,0.0,+1 Lap
2022,3,Australian Grand Prix,albert_park,2022-04-10,kevin_magnussen,MAG,haas,16,14,0.0,+1 Lap
2022,3,Australian Grand Prix,albert_park,2022-04-10,tsunoda,TSU,alphatauri,13,15,0.0,+1 Lap
2022,3,Australian Grand Prix,albert_park,2022-04-10,latifi,LAT,williams,18,16,0.0,+1 Lap
2022,3,Australian Grand Prix,albert_park,2022-04-10,alonso,ALO,alpine,10,17,0.0,+1 Lap
2022,3,Australian Grand Prix,albert_park,2022-04-10,max_verstappen,VER,red_bull,2,18,0.0,Fuel leak
2022,3,Australian Grand Prix,albert_park,2022-04-10,vettel,VET,aston_martin,17,19,0.0,Accident
2022,3,Australian Grand Prix,albert_park,2022-04-10,sainz,SAI,ferrari,9,20,0.0,Spun off
2022,4,Emilia Romagna Grand Prix,imola,2022-04-24,max_verstappen,VER,red_bull,1,1,26.0,Finished
2022,4,Emilia Romagna Grand Prix,imola,2022-04-24,perez,PER,red_bull,3,2,18.0,Finished
2022,4,Emilia Romagna Grand Prix,imola,2022-04-24,norris,NOR,mclaren,5,3,15.0,Finished
2022,4,Emilia Romagna Grand Prix,imola,2022-04-24,russell,RUS,mercedes,11,4,12.0,Finished
2022,4,Emilia Romagna Grand Prix,imola,2022-04-24,bottas,BOT,alfa,7,5,10.0,Finished
2022,4,Emilia Romagna Grand Prix,imola,2022-04-24,leclerc,LEC,ferrari,2,6,8.0,Finished
2022,4,Emilia Romagna Grand Prix,imola,2022-04-24,tsunoda,TSU,alphatauri,12,7,6.0,Finished
2022,4,Emilia Romagna Grand Prix,imola,2022-04-24,vettel,VET,aston_martin,13,8,4.0,Finished
2022,4,Emilia Romagna Grand Prix,imola,2022-04-24,kevin_magnussen,MAG,haas,8,9,2.0,Finished
2022,4,Emilia Romagna Grand Prix,imola,2022-04-24,stroll,STR,aston_martin,15,10,1.0,+1 Lap
2022,4,Emilia Romagna Grand Prix,imola,2022-04-24,albon,ALB,williams,18,11,0.0,+1 Lap
2022,4,Emilia Romagna Grand Prix,imola,2022-04-24,gasly,GAS,alphatauri,17,12,0.0,+1 Lap
2022,4,Emilia Romagna Grand Prix,imola,2022-04-24,hamilton,HAM,mercedes,14,13,0.0,+1 Lap
2022,4,Emilia Romagna Grand Prix,imola,2022-04-24,ocon,OCO,alpine,16,14,0.0,+1 Lap
2022,4,Emilia Romagna Grand Prix,imola,2022-04-24,zhou,ZHO,alfa,0,15,0.0,+1 Lap
2022,4,Emilia Romagna Grand Prix,imola,2022-04-24,latifi,LAT,williams,19,16,0.0,+1 Lap
2022,4,Emilia Romagna Grand Prix,imola,2022-04-24,mick_schumacher,MSC,haas,10,17,0.0,+1 Lap
2022,4,Emilia Romagna Grand Prix,imola,2022-04-24,ricciardo,RIC,mclaren,6,18,0.0,+1 Lap
2022,4,Emilia Romagna Grand Prix,imola,2022-04-24,alonso,ALO,alpine,9,19,0.0,Collision damage
2022,4,Emilia Romagna Grand Prix,imola,2022-04-24,sainz,SAI,ferrari,4,20,0.0,Collision
2022,5,Miami Grand Prix,miami,2022-05-08,max_verstappen,VER,red_bull,3,1,26.0,Finished
2022,5,Miami Grand Prix,miami,2022-05-08,leclerc,LEC,ferrari,1,2,18.0,Finished
2022,5,Miami Grand Prix,miami,2022-05-08,sainz,SAI,ferrari,2,3,15.0,Finished
2022,5,Miami Grand Prix,miami,2022-05-08,perez,PER,red_bull,4,4,12.0,Finished
2022,5,Miami Grand Prix,miami,2022-05-08,russell,RUS,mercedes,12,5,10.0,Finished
2022,5,Miami Grand Prix,miami,2022-05-08,hamilton,HAM,mercedes,6,6,8.0,Finished
2022,5,Miami Grand Prix,miami,2022-05-08,bottas,BOT,alfa,5,7,6.0,Finished
2022,5,Miami Grand Prix,miami,2022-05-08,ocon,OCO,alpine,20,8,4.0,Finished
2022,5,Miami Grand Prix,miami,2022-05-08,albon,ALB,williams,18,9,2.0,Finished
2022,5,Miami Grand Prix,miami,2022-05-08,stroll,STR,aston_martin,0,10,1.0,Finished
2022,5,Miami Grand Prix,miami,2022-05-08,alonso,ALO,alpine,11,11,0.0,Finished
2022,5,Miami Grand Prix,miami,2022-05-08,tsunoda,TSU,alphatauri,9,12,0.0,Finished
2022,5,Miami Grand Prix,miami,2022-05-08,ricciardo,RIC,mclaren,14,13,0.0,Finished
2022,5,Miami Grand Prix,miami,2022-05-08,latifi,LAT,williams,19,14,0.0,Finished
2022,5,Miami Grand Prix,miami,2022-05-08,mick_schumacher,MSC,haas,15,15,0.0,Finished
2022,5,Miami Grand Prix,miami,2022-05-08,kevin_magnussen,MAG,haas,16,16,0.0,Front wing
2022,5,Miami Grand Prix,miami,2022-05-08,vettel,VET,aston_martin,0,17,0.0,Collision
2022,5,Miami Grand Prix,miami,2022-05-08,gasly,GAS,alphatauri,7,18,0.0,Suspension
2022,5,Miami Grand Prix,miami,2022-05-08,norris,NOR,mclaren,8,19,0.0,Collision
2022,5,Miami Grand Prix,miami,2022-05-08,zhou,ZHO,alfa,17,20,0.0,Water leak
2022,6,Spanish Grand Prix,catalunya,2022-05-22,max_verstappen,VER,red_bull,2,1,25.0,Finished
2022,6,Spanish Grand Prix,catalunya,2022-05-22,perez,PER,red_bull,5,2,19.0,Finished
2022,6,Spanish Grand Prix,catalunya,2022-05-22,russell,RUS,mercedes,4,3,15.0,Finished
2022,6,Spanish Grand Prix,catalunya,2022-05-22,sainz,SAI,ferrari,3,4,12.0,Finished
2022,6,Spanish Grand Prix,catalunya,2022-05-22,hamilton,HAM,mercedes,6,5,10.0,Finished
2022,6,Spanish Grand Prix,catalunya,2022-05-22,bottas,BOT,alfa,7,6,8.0,Finished
2022,6,Spanish Grand Prix,catalunya,2022-05-22,ocon,OCO,alpine,12,7,6.0,Finished
2022,6,Spanish Grand Prix,catalunya,2022-05-22,norris,NOR,mclaren,11,8,4.0,Finished
2022,6,Spanish Grand Prix,catalunya,2022-05-22,alonso,ALO,alpine,20,9,2.0,+1 Lap
2022,6,Spanish Grand Prix,catalunya,2022-05-22,tsunoda,TSU,alphatauri,13,10,1.0,+1 Lap
2022,6,Spanish Grand Prix,catalunya,2022-05-22,vettel,VET,aston_martin,16,11,0.0,+1 Lap
2022,6,Spanish Grand Prix,catalunya,2022-05-22,ricciardo,RIC,mclaren,9,12,0.0,+1 Lap
2022,6,Spanish Grand Prix,catalunya,2022-05-22,gasly,GAS,alphatauri,14,13,0.0,+1 Lap
2022,6,Spanish Grand Prix,catalunya,2022-05-22,mick_schumacher,MSC,haas,10,14,0.0,+1 Lap
2022,6,Spanish Grand Prix,catalunya,2022-05-22,stroll,STR,aston_martin,17,15,0.0,+1 Lap
2022,6,Spanish Grand Prix,catalunya,2022-05-22,latifi,LAT,williams,19,16,0.0,+2 Laps
2022,6,Spanish Grand Prix,catalunya,2022-05-22,kevin_magnussen,MAG,haas,8,17,0.0,+2 Laps
2022,6,Spanish Grand Prix,catalunya,2022-05-22,albon,ALB,williams,18,18,0.0,+2 Laps
2022,6,Spanish Grand Prix,catalunya,2022-05-22,zhou,ZHO,alfa,15,19,0.0,Power loss
2022,6,Spanish Grand Prix,catalunya,2022-05-22,leclerc,LEC,ferrari,1,20,0.0,Turbo
2022,7,Monaco Grand Prix,monaco,2022-05-29,perez,PER,red_bull,3,1,25.0,Finished
2022,7,Monaco Grand Prix,monaco,2022-05-29,sainz,SAI,ferrari,2,2,18.0,Finished
2022,7,Monaco Grand Prix,monaco,2022-05-29,max_verstappen,VER,red_bull,4,3,15.0,Finished
2022,7,Monaco Grand Prix,monaco,2022-05-29,leclerc,LEC,ferrari,1,4,12.0,Finished
2022,7,Monaco Grand Prix,monaco,2022-05-29,russell,RUS,mercedes,6,5,10.0,Finished
2022,7,Monaco Grand Prix,monaco,2022-05-29,norris,NOR,mclaren,5,6,9.0,Finished
2022,7,Monaco Grand Prix,monaco,2022-05-29,alonso,ALO,alpine,7,7,6.0,Finished
2022,7,Monaco Grand Prix,monaco,2022-05-29,hamilton,HAM,mercedes,8,8,4.0,Finished
2022,7,Monaco Grand Prix,monaco,2022-05-29,bottas,BOT,alfa,12,9,2.0,Finished
2022,7,Monaco Grand Prix,monaco,2022-05-29,vettel,VET,aston_martin,9,10,1.0,Finished
2022,7,Monaco Grand Prix,monaco,2022-05-29,gasly,GAS,alphatauri,17,11,0.0,Finished
2022,7,Monaco Grand Prix,monaco,2022-05-29,ocon,OCO,alpine,10,12,0.0,Finished
2022,7,Monaco Grand Prix,monaco,2022-05-29,ricciardo,RIC,mclaren,14,13,0.0,Finished
2022,7,Monaco Grand Prix,monaco,2022-05-29,stroll,STR,aston_martin,18,14,0.0,Finished
2022,7,Monaco Grand Prix,monaco,2022-05-29,latifi,LAT,williams,19,15,0.0,+1 Lap
2022,7,Monaco Grand Prix,monaco,2022-05-29,zhou,ZHO,alfa,20,16,0.0,+1 Lap
2022,7,Monaco Grand Prix,monaco,2022-05-29,tsunoda,TSU,alphatauri,11,17,0.0,+1 Lap
2022,7,Monaco Grand Prix,monaco,2022-05-29,albon,ALB,williams,16,18,0.0,Mechanical
2022,7,Monaco Grand Prix,monaco,2022-05-29,mick_schumacher,MSC,haas,15,19,0.0,Accident
2022,7,Monaco Grand Prix,monaco,2022-05-29,kevin_magnussen,MAG,haas,13,20,0.0,Water pressure
2022,8,Azerbaijan Grand Prix,baku,2022-06-12,max_verstappen,VER,red_bull,3,1,25.0,Finished
2022,8,Azerbaijan Grand Prix,baku,2022-06-12,perez,PER,red_bull,2,2,19.0,Finished
2022,8,Azerbaijan Grand Prix,baku,2022-06-12,russell,RUS,mercedes,5,3,15.0,Finished
2022,8,Azerbaijan Grand Prix,baku,2022-06-12,hamilton,HAM,mercedes,7,4,12.0,Finished
2022,8,Azerbaijan Grand Prix,baku,2022-06-12,gasly,GAS,alphatauri,6,5,10.0,Finished
2022,8,Azerbaijan Grand Prix,baku,2022-06-12,vettel,VET,aston_martin,9,6,8.0,Finished
2022,8,Azerbaijan Grand Prix,baku,2022-06-12,alonso,ALO,alpine,10,7,6.0,Finished
2022,8,Azerbaijan Grand Prix,baku,2022-06-12,ricciardo,RIC,mclaren,12,8,4.0,Finished
2022,8,Azerbaijan Grand Prix,baku,2022-06-12,norris,NOR,mclaren,11,9,2.0,Finished
2022,8,Azerbaijan Grand Prix,baku,2022-06-12,ocon,OCO,alpine,13,10,1.0,Finished
2022,8,Azerbaijan Grand Prix,baku,2022-06-12,bottas,BOT,alfa,15,11,0.0,+1 Lap
2022,8,Azerbaijan Grand Prix,baku,2022-06-12,albon,ALB,williams,17,12,0.0,+1 Lap
2022,8,Azerbaijan Grand Prix,baku,2022-06-12,tsunoda,TSU,alphatauri,8,13,0.0,+1 Lap
2022,8,Azerbaijan Grand Prix,baku,2022-06-12,mick_schumacher,MSC,haas,20,14,0.0,+1 Lap
2022,8,Azerbaijan Grand Prix,baku,2022-06-12,latifi,LAT,williams,18,15,0.0,+1 Lap
2022,8,Azerbaijan Grand Prix,baku,2022-06-12,stroll,STR,aston_martin,19,16,0.0,Vibrations
2022,8,Azerbaijan Grand Prix,baku,2022-06-12,kevin_magnussen,MAG,haas,16,17,0.0,Power Unit
2022,8,Azerbaijan Grand Prix,baku,2022-06-12,zhou,ZHO,alfa,14,18,0.0,Hydraulics
2022,8,Azerbaijan Grand Prix,baku,2022-06-12,leclerc,LEC,ferrari,1,19,0.0,Power Unit
2022,8,Azerbaijan Grand Prix,baku,2022-06-12,sainz,SAI,ferrari,4,20,0.0,Hydraulics
2022,9,Canadian Grand Prix,villeneuve,2022-06-19,max_verstappen,VER,red_bull,1,1,25.0,Finished
2022,9,Canadian Grand Prix,villeneuve,2022-06-19,sainz,SAI,ferrari,3,2,19.0,Finished
2022,9,Canadian Grand Prix,villeneuve,2022-06-19,hamilton,HAM,mercedes,4,3,15.0,Finished
2022,9,Canadian Grand Prix,villeneuve,2022-06-19,russell,RUS,mercedes,8,4,12.0,Finished
2022,9,Canadian Grand Prix,villeneuve,2022-06-19,leclerc,LEC,ferrari,19,5,10.0,Finished
2022,9,Canadian Grand Prix,villeneuve,2022-06-19,ocon,OCO,alpine,7,6,8.0,Finished
2022,9,Canadian Grand Prix,villeneuve,2022-06-19,bottas,BOT,alfa,11,7,6.0,Finished
2022,9,Canadian Grand Prix,villeneuve,2022-06-19,zhou,ZHO,alfa,10,8,4.0,Finished
2022,9,Canadian Grand Prix,villeneuve,2022-06-19,alonso,ALO,alpine,2,9,2.0,Finished
2022,9,Canadian Grand Prix,villeneuve,2022-06-19,stroll,STR,aston_martin,17,10,1.0,Finished
2022,9,Canadian Grand Prix,villeneuve,2022-06-19,ricciardo,RIC,mclaren,9,11,0.0,Finished
2022,9,Canadian Grand Prix,villeneuve,2022-06-19,vettel,VET,aston_martin,16,12,0.0,Finished
2022,9,Canadian Grand Prix,villeneuve,2022-06-19,albon,ALB,williams,12,13,0.0,Finished
2022,9,Canadian Grand Prix,villeneuve,2022-06-19,gasly,GAS,alphatauri,15,14,0.0,Finished
2022,9,Canadian Grand Prix,villeneuve,2022-06-19,norris,NOR,mclaren,14,15,0.0,Finished
2022,9,Canadian Grand Prix,villeneuve,2022-06-19,latifi,LAT,williams,18,16,0.0,Finished
2022,9,Canadian Grand Prix,villeneuve,2022-06-19,kevin_magnussen,MAG,haas,5,17,0.0,Finished
2022,9,Canadian Grand Prix,villeneuve,2022-06-19,tsunoda,TSU,alphatauri,20,18,0.0,Accident
2022,9,Canadian Grand Prix,villeneuve,2022-06-19,mick_schumacher,MSC,haas,6,19,0.0,Engine
2022,9,Canadian Grand Prix,villeneuve,2022-06-19,perez,PER,red_bull,13,20,0.0,Gearbox
2022,10,British Grand Prix,silverstone,2022-07-03,sainz,SAI,ferrari,1,1,25.0,Finished
2022,10,British Grand Prix,silverstone,2022-07-03,perez,PER,red_bull,4,2,18.0,Finished
2022,10,British Grand Prix,silverstone,2022-07-03,hamilton,HAM,mercedes,5,3,16.0,Finished
2022,10,British Grand Prix,silverstone,2022-07-03,leclerc,LEC,ferrari,3,4,12.0,Finished
2022,10,British Grand Prix,silverstone,2022-07-03,alonso,ALO,alpine,7,5,10.0,Finished
2022,10,British Grand Prix,silverstone,2022-07-03,norris,NOR,mclaren,6,6,8.0,Finished
2022,10,British Grand Prix,silverstone,2022-07-03,max_verstappen,VER,red_bull,2,7,6.0,Finished
2022,10,British Grand Prix,silverstone,2022-07-03,mick_schumacher,MSC,haas,19,8,4.0,Finished
2022,10,British Grand Prix,silverstone,2022-07-03,vettel,VET,aston_martin,18,9,2.0,Finished
2022,10,British Grand Prix,silverstone,2022-07-03,kevin_magnussen,MAG,haas,17,10,1.0,Finished
2022,10,British Grand Prix,silverstone,2022-07-03,stroll,STR,aston_martin,20,11,0.0,Finished
2022,10,British Grand Prix,silverstone,2022-07-03,latifi,LAT,williams,10,12,0.0,Finished
2022,10,British Grand Prix,silverstone,2022-07-03,ricciardo,RIC,mclaren,14,13,0.0,Finished
2022,10,British Grand Prix,silverstone,2022-07-03,tsunoda,TSU,alphatauri,13,14,0.0,Finished
2022,10,British Grand Prix,silverstone,2022-07-03,ocon,OCO,alpine,15,15,0.0,Fuel pump
2022,10,British Grand Prix,silverstone,2022-07-03,gasly,GAS,alphatauri,11,16,0.0,Collision damage
2022,10,British Grand Prix,silverstone,2022-07-03,bottas,BOT,alfa,12,17,0.0,Gearbox
2022,10,British Grand Prix,silverstone,2022-07-03,russell,RUS,mercedes,8,18,0.0,Collision
2022,10,British Grand Prix,silverstone,2022-07-03,zhou,ZHO,alfa,9,19,0.0,Collision
2022,10,British Grand Prix,silverstone,2022-07-03,albon,ALB,williams,16,20,0.0,Collision
2022,11,Austrian Grand Prix,red_bull_ring,2022-07-10,leclerc,LEC,ferrari,2,1,25.0,Finished
2022,11,Austrian Grand Prix,red_bull_ring,2022-07-10,max_verstappen,VER,red_bull,1,2,19.0,Finished
2022,11,Austrian Grand Prix,red_bull_ring,2022-07-10,hamilton,HAM,mercedes,8,3,15.0,Finished
2022,11,Austrian Grand Prix,red_bull_ring,2022-07-10,russell,RUS,mercedes,4,4,12.0,Finished
2022,11,Austrian Grand Prix,red_bull_ring,2022-07-10,ocon,OCO,alpine,6,5,10.0,Finished
2022,11,Austrian Grand Prix,red_bull_ring,2022-07-10,mick_schumacher,MSC,haas,9,6,8.0,+1 Lap
2022,11,Austrian Grand Prix,red_bull_ring,2022-07-10,norris,NOR,mclaren,10,7,6.0,+1 Lap
2022,11,Austrian Grand Prix,red_bull_ring,2022-07-10,kevin_magnussen,MAG,haas,7,8,4.0,+1 Lap
2022,11,Austrian Grand Prix,red_bull_ring,2022-07-10,ricciardo,RIC,mclaren,11,9,2.0,+1 Lap
2022,11,Austrian Grand Prix,red_bull_ring,2022-07-10,alonso,ALO,alpine,19,10,1.0,+1 Lap
2022,11,Austrian Grand Prix,red_bull_ring,2022-07-10,bottas,BOT,alfa,0,11,0.0,+1 Lap
2022,11,Austrian Grand Prix,red_bull_ring,2022-07-10,albon,ALB,williams,15,12,0.0,+1 Lap
2022,11,Austrian Grand Prix,red_bull_ring,2022-07-10,stroll,STR,aston_martin,12,13,0.0,+1 Lap
2022,11,Austrian Grand Prix,red_bull_ring,2022-07-10,zhou,ZHO,alfa,13,14,0.0,+1 Lap
2022,11,Austrian Grand Prix,red_bull_ring,2022-07-10,gasly,GAS,alphatauri,14,15,0.0,+1 Lap
2022,11,Austrian Grand Prix,red_bull_ring,2022-07-10,tsunoda,TSU,alphatauri,16,16,0.0,+1 Lap
2022,11,Austrian Grand Prix,red_bull_ring,2022-07-10,vettel,VET,aston_martin,18,17,0.0,+1 Lap
2022,11,Austrian Grand Prix,red_bull_ring,2022-07-10,sainz,SAI,ferrari,3,18,0.0,Power Unit
2022,11,Austrian Grand Prix,red_bull_ring,2022-07-10,latifi,LAT,williams,17,19,0.0,Undertray
2022,11,Austrian Grand Prix,red_bull_ring,2022-07-10,perez,PER,red_bull,5,20,0.0,Collision damage
2022,12,French Grand Prix,ricard,2022-07-24,max_verstappen,VER,red_bull,2,1,25.0,Finished
2022,12,French Grand Prix,ricard,2022-07-24,hamilton,HAM,mercedes,4,2,18.0,Finished
2022,12,French Grand Prix,ricard,2022-07-24,russell,RUS,mercedes,6,3,15.0,Finished
2022,12,French Grand Prix,ricard,2022-07-24,perez,PER,red_bull,3,4,12.0,Finished
2022,12,French Grand Prix,ricard,2022-07-24,sainz,SAI,ferrari,19,5,11.0,Finished
2022,12,French Grand Prix,ricard,2022-07-24,alonso,ALO,alpine,7,6,8.0,Finished
2022,12,French Grand Prix,ricard,2022-07-24,norris,NOR,mclaren,5,7,6.0,Finished
2022,12,French Grand Prix,ricard,2022-07-24,ocon,OCO,alpine,10,8,4.0,Finished
2022,12,French Grand Prix,ricard,2022-07-24,ricciardo,RIC,mclaren,9,9,2.0,Finished
2022,12,French Grand Prix,ricard,2022-07-24,stroll,STR,aston_martin,15,10,1.0,Finished
2022,12,French Grand Prix,ricard,2022-07-24,vettel,VET,aston_martin,12,11,0.0,Finished
2022,12,French Grand Prix,ricard,2022-07-24,gasly,GAS,alphatauri,14,12,0.0,Finished
2022,12,French Grand Prix,ricard,2022-07-24,albon,ALB,williams,13,13,0.0,Finished
2022,12,French Grand Prix,ricard,2022-07-24,bottas,BOT,alfa,11,14,0.0,Finished
2022,12,French Grand Prix,ricard,2022-07-24,mick_schumacher,MSC,haas,17,15,0.0,Finished
2022,12,French Grand Prix,ricard,2022-07-24,zhou,ZHO,alfa,16,16,0.0,+6 Laps
2022,12,French Grand Prix,ricard,2022-07-24,latifi,LAT,williams,18,17,0.0,Collision damage
2022,12,French Grand Prix,ricard,2022-07-24,kevin_magnussen,MAG,haas,20,18,0.0,Collision damage
2022,12,French Grand Prix,ricard,2022-07-24,leclerc,LEC,ferrari,1,19,0.0,Accident
2022,12,French Grand Prix,ricard,2022-07-24,tsunoda,TSU,alphatauri,8,20,0.0,Undertray
2022,13,Hungarian Grand Prix,hungaroring,2022-07-31,max_verstappen,VER,red_bull,10,1,25.0,Finished
2022,13,Hungarian Grand Prix,hungaroring,2022-07-31,hamilton,HAM,mercedes,7,2,19.0,Finished
2022,13,Hungarian Grand Prix,hungaroring,2022-07-31,russell,RUS,mercedes,1,3,15.0,Finished
2022,13,Hungarian Grand Prix,hungaroring,2022-07-31,sainz,SAI,ferrari,2,4,12.0,Finished
2022,13,Hungarian Grand Prix,hungaroring,2022-07-31,perez,PER,red_bull,11,5,10.0,Finished
2022,13,Hungarian Grand Prix,hungaroring,2022-07-31,leclerc,LEC,ferrari,3,6,8.0,Finished
2022,13,Hungarian Grand Prix,hungaroring,2022-07-31,norris,NOR,mclaren,4,7,6.0,Finished
2022,13,Hungarian Grand Prix,hungaroring,2022-07-31,alonso,ALO,alpine,6,8,4.0,+1 Lap
2022,13,Hungarian Grand Prix,hungaroring,2022-07-31,ocon,OCO,alpine,5,9,2.0,+1 Lap
2022,13,Hungarian Grand Prix,hungaroring,2022-07-31,vettel,VET,aston_martin,18,10,1.0,+1 Lap
2022,13,Hungarian Grand Prix,hungaroring,2022-07-31,stroll,STR,aston_martin,14,11,0.0,+1 Lap
2022,13,Hungarian Grand Prix,hungaroring,2022-07-31,gasly,GAS,alphatauri,0,12,0.0,+1 Lap
2022,13,Hungarian Grand Prix,hungaroring,2022-07-31,zhou,ZHO,alfa,12,13,0.0,+1 Lap
2022,13,Hungarian Grand Prix,hungaroring,2022-07-31,mick_schumacher,MSC,haas,15,14,0.0,+1 Lap
2022,13,Hungarian Grand Prix,hungaroring,2022-07-31,ricciardo,RIC,mclaren,9,15,0.0,+1 Lap
2022,13,Hungarian Grand Prix,hungaroring,2022-07-31,kevin_magnussen,MAG,haas,13,16,0.0,+1 Lap
2022,13,Hungarian Grand Prix,hungaroring,2022-07-31,albon,ALB,williams,17,17,0.0,+1 Lap
2022,13,Hungarian Grand Prix,hungaroring,2022-07-31,latifi,LAT,williams,19,18,0.0,+1 Lap
2022,13,Hungarian Grand Prix,hungaroring,2022-07-31,tsunoda,TSU,alphatauri,16,19,0.0,+2 Laps
2022,13,Hungarian Grand Prix,hungaroring,2022-07-31,bottas,BOT,alfa,8,20,0.0,Power Unit
2022,14,Belgian Grand Prix,spa,2022-08-28,max_verstappen,VER,red_bull,14,1,26.0,Finished
2022,14,Belgian Grand Prix,spa,2022-08-28,perez,PER,red_bull,2,2,18.0,Finished
2022,14,Belgian Grand Prix,spa,2022-08-28,sainz,SAI,ferrari,1,3,15.0,Finished
2022,14,Belgian Grand Prix,spa,2022-08-28,russell,RUS,mercedes,5,4,12.0,Finished
2022,14,Belgian Grand Prix,spa,2022-08-28,alonso,ALO,alpine,3,5,10.0,Finished
2022,14,Belgian Grand Prix,spa,2022-08-28,leclerc,LEC,ferrari,15,6,8.0,Finished
2022,14,Belgian Grand Prix,spa,2022-08-28,ocon,OCO,alpine,16,7,6.0,Finished
2022,14,Belgian Grand Prix,spa,2022-08-28,vettel,VET,aston_martin,10,8,4.0,Finished
2022,14,Belgian Grand Prix,spa,2022-08-28,gasly,GAS,alphatauri,0,9,2.0,Finished
2022,14,Belgian Grand Prix,spa,2022-08-28,albon,ALB,williams,6,10,1.0,Finished
2022,14,Belgian Grand Prix,spa,2022-08-28,stroll,STR,aston_martin,9,11,0.0,Finished
2022,14,Belgian Grand Prix,spa,2022-08-28,norris,NOR,mclaren,17,12,0.0,Finished
2022,14,Belgian Grand Prix,spa,2022-08-28,tsunoda,TSU,alphatauri,0,13,0.0,Finished
2022,14,Belgian Grand Prix,spa,2022-08-28,zhou,ZHO,alfa,18,14,0.0,Finished
2022,14,Belgian Grand Prix,spa,2022-08-28,ricciardo,RIC,mclaren,7,15,0.0,Finished
2022,14,Belgian Grand Prix,spa,2022-08-28,kevin_magnussen,MAG,haas,12,16,0.0,+1 Lap
2022,14,Belgian Grand Prix,spa,2022-08-28,mick_schumacher,MSC,haas,19,17,0.0,+1 Lap
2022,14,Belgian Grand Prix,spa,2022-08-28,latifi,LAT,williams,11,18,0.0,+1 Lap
2022,14,Belgian Grand Prix,spa,2022-08-28,bottas,BOT,alfa,13,19,0.0,Accident
2022,14,Belgian Grand Prix,spa,2022-08-28,hamilton,HAM,mercedes,4,20,0.0,Collision damage
2022,15,Dutch Grand Prix,zandvoort,2022-09-04,max_verstappen,VER,red_bull,1,1,26.0,Finished
2022,15,Dutch Grand Prix,zandvoort,2022-09-04,russell,RUS,mercedes,6,2,18.0,Finished
2022,15,Dutch Grand Prix,zandvoort,2022-09-04,leclerc,LEC,ferrari,2,3,15.0,Finished
2022,15,Dutch Grand Prix,zandvoort,2022-09-04,hamilton,HAM,mercedes,4,4,12.0,Finished
2022,15,Dutch Grand Prix,zandvoort,2022-09-04,perez,PER,red_bull,5,5,10.0,Finished
2022,15,Dutch Grand Prix,zandvoort,2022-09-04,alonso,ALO,alpine,13,6,8.0,Finished
2022,15,Dutch Grand Prix,zandvoort,2022-09-04,norris,NOR,mclaren,7,7,6.0,Finished
2022,15,Dutch Grand Prix,zandvoort,2022-09-04,sainz,SAI,ferrari,3,8,4.0,Finished
2022,15,Dutch Grand Prix,zandvoort,2022-09-04,ocon,OCO,alpine,12,9,2.0,Finished
2022,15,Dutch Grand Prix,zandvoort,2022-09-04,stroll,STR,aston_martin,10,10,1.0,Finished
2022,15,Dutch Grand Prix,zandvoort,2022-09-04,gasly,GAS,alphatauri,11,11,0.0,Finished
2022,15,Dutch Grand Prix,zandvoort,2022-09-04,albon,ALB,williams,15,12,0.0,Finished
2022,15,Dutch Grand Prix,zandvoort,2022-09-04,mick_schumacher,MSC,haas,8,13,0.0,Finished
2022,15,Dutch Grand Prix,zandvoort,2022-09-04,vettel,VET,aston_martin,19,14,0.0,Finished
2022,15,Dutch Grand Prix,zandvoort,2022-09-04,kevin_magnussen,MAG,haas,18,15,0.0,Finished
2022,15,Dutch Grand Prix,zandvoort,2022-09-04,zhou,ZHO,alfa,14,16,0.0,Finished
2022,15,Dutch Grand Prix,zandvoort,2022-09-04,ricciardo,RIC,mclaren,17,17,0.0,Finished
2022,15,Dutch Grand Prix,zandvoort,2022-09-04,latifi,LAT,williams,20,18,0.0,+1 Lap
2022,15,Dutch Grand Prix,zandvoort,2022-09-04,bottas,BOT,alfa,16,19,0.0,Engine
2022,15,Dutch Grand Prix,zandvoort,2022-09-04,tsunoda,TSU,alphatauri,9,20,0.0,Differential
2022,16,Italian Grand Prix,monza,2022-09-11,max_verstappen,VER,red_bull,7,1,25.0,Finished
2022,16,Italian Grand Prix,monza,2022-09-11,leclerc,LEC,ferrari,1,2,18.0,Finished
2022,16,Italian Grand Prix,monza,2022-09-11,russell,RUS,mercedes,2,3,15.0,Finished
2022,16,Italian Grand Prix,monza,2022-09-11,sainz,SAI,ferrari,18,4,12.0,Finished
2022,16,Italian Grand Prix,monza,2022-09-11,hamilton,HAM,mercedes,19,5,10.0,Finished
2022,16,Italian Grand Prix,monza,2022-09-11,perez,PER,red_bull,13,6,9.0,Finished
2022,16,Italian Grand Prix,monza,2022-09-11,norris,NOR,mclaren,3,7,6.0,Finished
2022,16,Italian Grand Prix,monza,2022-09-11,gasly,GAS,alphatauri,5,8,4.0,Finished
2022,16,Italian Grand Prix,monza,2022-09-11,de_vries,DEV,williams,8,9,2.0,Finished
2022,16,Italian Grand Prix,monza,2022-09-11,zhou,ZHO,alfa,9,10,1.0,Finished
2022,16,Italian Grand Prix,monza,2022-09-11,ocon,OCO,alpine,14,11,0.0,Finished
2022,16,Italian Grand Prix,monza,2022-09-11,mick_schumacher,MSC,haas,17,12,0.0,Finished
2022,16,Italian Grand Prix,monza,2022-09-11,bottas,BOT,alfa,15,13,0.0,+1 Lap
2022,16,Italian Grand Prix,monza,2022-09-11,tsunoda,TSU,alphatauri,20,14,0.0,+1 Lap
2022,16,Italian Grand Prix,monza,2022-09-11,latifi,LAT,williams,10,15,0.0,+1 Lap
2022,16,Italian Grand Prix,monza,2022-09-11,kevin_magnussen,MAG,haas,16,16,0.0,+1 Lap
2022,16,Italian Grand Prix,monza,2022-09-11,ricciardo,RIC,mclaren,4,17,0.0,Oil leak
2022,16,Italian Grand Prix,monza,2022-09-11,stroll,STR,aston_martin,12,18,0.0,Engine
2022,16,Italian Grand Prix,monza,2022-09-11,alonso,ALO,alpine,6,19,0.0,Water pressure
2022,16,Italian Grand Prix,monza,2022-09-11,vettel,VET,aston_martin,11,20,0.0,Engine
2022,17,Singapore Grand Prix,marina_bay,2022-10-02,perez,PER,red_bull,2,1,25.0,Finished
2022,17,Singapore Grand Prix,marina_bay,2022-10-02,leclerc,LEC,ferrari,1,2,18.0,Finished
2022,17,Singapore Grand Prix,marina_bay,2022-10-02,sainz,SAI,ferrari,4,3,15.0,Finished
2022,17,Singapore Grand Prix,marina_bay,2022-10-02,norris,NOR,mclaren,6,4,12.0,Finished
2022,17,Singapore Grand Prix,marina_bay,2022-10-02,ricciardo,RIC,mclaren,16,5,10.0,Finished
2022,17,Singapore Grand Prix,marina_bay,2022-10-02,stroll,STR,aston_martin,11,6,8.0,Finished
2022,17,Singapore Grand Prix,marina_bay,2022-10-02,max_verstappen,VER,red_bull,8,7,6.0,Finished
2022,17,Singapore Grand Prix,marina_bay,2022-10-02,vettel,VET,aston_martin,13,8,4.0,Finished
2022,17,Singapore Grand Prix,marina_bay,2022-10-02,hamilton,HAM,mercedes,3,9,2.0,Finished
2022,17,Singapore Grand Prix,marina_bay,2022-10-02,gasly,GAS,alphatauri,7,10,1.0,Finished
2022,17,Singapore Grand Prix,marina_bay,2022-10-02,bottas,BOT,alfa,15,11,0.0,Finished
2022,17,Singapore Grand Prix,marina_bay,2022-10-02,kevin_magnussen,MAG,haas,9,12,0.0,Finished
2022,17,Singapore Grand Prix,marina_bay,2022-10-02,mick_schumacher,MSC,haas,12,13,0.0,+1 Lap
2022,17,Singapore Grand Prix,marina_bay,2022-10-02,russell,RUS,mercedes,0,14,0.0,+2 Laps
2022,17,Singapore Grand Prix,marina_bay,2022-10-02,tsunoda,TSU,alphatauri,10,15,0.0,Accident
2022,17,Singapore Grand Prix,marina_bay,2022-10-02,ocon,OCO,alpine,17,16,0.0,Engine
2022,17,Singapore Grand Prix,marina_bay,2022-10-02,albon,ALB,williams,18,17,0.0,Collision damage
2022,17,Singapore Grand Prix,marina_bay,2022-10-02,alonso,ALO,alpine,5,18,0.0,Engine
2022,17,Singapore Grand Prix,marina_bay,2022-10-02,latifi,LAT,williams,19,19,0.0,Collision damage
2022,17,Singapore Grand Prix,marina_bay,2022-10-02,zhou,ZHO,alfa,14,20,0.0,Collision
2022,18,Japanese Grand Prix,suzuka,2022-10-09,max_verstappen,VER,red_bull,1,1,25.0,Finished
2022,18,Japanese Grand Prix,suzuka,2022-10-09,perez,PER,red_bull,4,2,18.0,Finished
2022,18,Japanese Grand Prix,suzuka,2022-10-09,leclerc,LEC,ferrari,2,3,15.0,Finished
2022,18,Japanese Grand Prix,suzuka,2022-10-09,ocon,OCO,alpine,5,4,12.0,Finished
2022,18,Japanese Grand Prix,suzuka,2022-10-09,hamilton,HAM,mercedes,6,5,10.0,Finished
2022,18,Japanese Grand Prix,suzuka,2022-10-09,vettel,VET,aston_martin,9,6,8.0,Finished
2022,18,Japanese Grand Prix,suzuka,2022-10-09,alonso,ALO,alpine,7,7,6.0,Finished
2022,18,Japanese Grand Prix,suzuka,2022-10-09,russell,RUS,mercedes,8,8,4.0,Finished
2022,18,Japanese Grand Prix,suzuka,2022-10-09,latifi,LAT,williams,20,9,2.0,Finished
2022,18,Japanese Grand Prix,suzuka,2022-10-09,norris,NOR,mclaren,10,10,1.0,Finished
2022,18,Japanese Grand Prix,suzuka,2022-10-09,ricciardo,RIC,mclaren,11,11,0.0,Finished
2022,18,Japanese Grand Prix,suzuka,2022-10-09,stroll,STR,aston_martin,19,12,0.0,Finished
2022,18,Japanese Grand Prix,suzuka,2022-10-09,tsunoda,TSU,alphatauri,13,13,0.0,Finished
2022,18,Japanese Grand Prix,suzuka,2022-10-09,kevin_magnussen,MAG,haas,18,14,0.0,Finished
2022,18,Japanese Grand Prix,suzuka,2022-10-09,bottas,BOT,alfa,12,15,0.0,Finished
2022,18,Japanese Grand Prix,suzuka,2022-10-09,zhou,ZHO,alfa,14,16,0.0,Finished
2022,18,Japanese Grand Prix,suzuka,2022-10-09,mick_schumacher,MSC,haas,15,17,0.0,Finished
2022,18,Japanese Grand Prix,suzuka,2022-10-09,gasly,GAS,alphatauri,17,18,0.0,Finished
2022,18,Japanese Grand Prix,suzuka,2022-10-09,sainz,SAI,ferrari,3,19,0.0,Accident
2022,18,Japanese Grand Prix,suzuka,2022-10-09,albon,ALB,williams,16,20,0.0,Hydraulics
2022,19,United States Grand Prix,americas,2022-10-23,max_verstappen,VER,red_bull,2,1,25.0,Finished
2022,19,United States Grand Prix,americas,2022-10-23,hamilton,HAM,mercedes,3,2,18.0,Finished
2022,19,United States Grand Prix,americas,2022-10-23,leclerc,LEC,ferrari,12,3,15.0,Finished
2022,19,United States Grand Prix,americas,2022-10-23,perez,PER,red_bull,9,4,12.0,Finished
2022,19,United States Grand Prix,americas,2022-10-23,russell,RUS,mercedes,4,5,11.0,Finished
2022,19,United States Grand Prix,americas,2022-10-23,norris,NOR,mclaren,6,6,8.0,Finished
2022,19,United States Grand Prix,americas,2022-10-23,alonso,ALO,alpine,14,7,6.0,Finished
2022,19,United States Grand Prix,americas,2022-10-23,vettel,VET,aston_martin,10,8,4.0,Finished
2022,19,United States Grand Prix,americas,2022-10-23,kevin_magnussen,MAG,haas,13,9,2.0,Finished
2022,19,United States Grand Prix,americas,2022-10-23,tsunoda,TSU,alphatauri,19,10,1.0,Finished
2022,19,United States Grand Prix,americas,2022-10-23,ocon,OCO,alpine,0,11,0.0,Finished
2022,19,United States Grand Prix,americas,2022-10-23,zhou,ZHO,alfa,18,12,0.0,Finished
2022,19,United States Grand Prix,americas,2022-10-23,albon,ALB,williams,8,13,0.0,Finished
2022,19,United States Grand Prix,americas,2022-10-23,gasly,GAS,alphatauri,11,14,0.0,Finished
2022,19,United States Grand Prix,americas,2022-10-23,mick_schumacher,MSC,haas,16,15,0.0,Finished
2022,19,United States Grand Prix,americas,2022-10-23,ricciardo,RIC,mclaren,15,16,0.0,Finished
2022,19,United States Grand Prix,americas,2022-10-23,latifi,LAT,williams,17,17,0.0,Finished
2022,19,United States Grand Prix,americas,2022-10-23,stroll,STR,aston_martin,5,18,0.0,Collision
2022,19,United States Grand Prix,americas,2022-10-23,bottas,BOT,alfa,7,19,0.0,Spun off
2022,19,United States Grand Prix,americas,2022-10-23,sainz,SAI,ferrari,1,20,0.0,Collision damage
2022,20,Mexico City Grand Prix,rodriguez,2022-10-30,max_verstappen,VER,red_bull,1,1,25.0,Finished
2022,20,Mexico City Grand Prix,rodriguez,2022-10-30,hamilton,HAM,mercedes,3,2,18.0,Finished
2022,20,Mexico City Grand Prix,rodriguez,2022-10-30,perez,PER,red_bull,4,3,15.0,Finished
2022,20,Mexico City Grand Prix,rodriguez,2022-10-30,russell,RUS,mercedes,2,4,13.0,Finished
2022,20,Mexico City Grand Prix,rodriguez,2022-10-30,sainz,SAI,ferrari,5,5,10.0,Finished
2022,20,Mexico City Grand Prix,rodriguez,2022-10-30,leclerc,LEC,ferrari,7,6,8.0,Finished
2022,20,Mexico City Grand Prix,rodriguez,2022-10-30,ricciardo,RIC,mclaren,11,7,6.0,+1 Lap
2022,20,Mexico City Grand Prix,rodriguez,2022-10-30,ocon,OCO,alpine,10,8,4.0,+1 Lap
2022,20,Mexico City Grand Prix,rodriguez,2022-10-30,norris,NOR,mclaren,8,9,2.0,+1 Lap
2022,20,Mexico City Grand Prix,rodriguez,2022-10-30,bottas,BOT,alfa,6,10,1.0,+1 Lap
2022,20,Mexico City Grand Prix,rodriguez,2022-10-30,gasly,GAS,alphatauri,14,11,0.0,+1 Lap
2022,20,Mexico City Grand Prix,rodriguez,2022-10-30,albon,ALB,williams,17,12,0.0,+1 Lap
2022,20,Mexico City Grand Prix,rodriguez,2022-10-30,zhou,ZHO,alfa,12,13,0.0,+1 Lap
2022,20,Mexico City Grand Prix,rodriguez,2022-10-30,vettel,VET,aston_martin,16,14,0.0,+1 Lap
2022,20,Mexico City Grand Prix,rodriguez,2022-10-30,stroll,STR,aston_martin,20,15,0.0,+1 Lap
2022,20,Mexico City Grand Prix,rodriguez,2022-10-30,mick_schumacher,MSC,haas,15,16,0.0,+1 Lap
2022,20,Mexico City Grand Prix,rodriguez,2022-10-30,kevin_magnussen,MAG,haas,19,17,0.0,+1 Lap
2022,20,Mexico City Grand Prix,rodriguez,2022-10-30,latifi,LAT,williams,18,18,0.0,+2 Laps
2022,20,Mexico City Grand Prix,rodriguez,2022-10-30,alonso,ALO,alpine,9,19,0.0,Engine
2022,20,Mexico City Grand Prix,rodriguez,2022-10-30,tsunoda,TSU,alphatauri,13,20,0.0,Collision damage
2022,21,São Paulo Grand Prix,interlagos,2022-11-13,russell,RUS,mercedes,1,1,26.0,Finished
2022,21,São Paulo Grand Prix,interlagos,2022-11-13,hamilton,HAM,mercedes,2,2,18.0,Finished
2022,21,São Paulo Grand Prix,interlagos,2022-11-13,sainz,SAI,ferrari,7,3,15.0,Finished
2022,21,São Paulo Grand Prix,interlagos,2022-11-13,leclerc,LEC,ferrari,5,4,12.0,Finished
2022,21,São Paulo Grand Prix,interlagos,2022-11-13,alonso,ALO,alpine,17,5,10.0,Finished
2022,21,São Paulo Grand Prix,interlagos,2022-11-13,max_verstappen,VER,red_bull,3,6,8.0,Finished
2022,21,São Paulo Grand Prix,interlagos,2022-11-13,perez,PER,red_bull,4,7,6.0,Finished
2022,21,São Paulo Grand Prix,interlagos,2022-11-13,ocon,OCO,alpine,16,8,4.0,Finished
2022,21,São Paulo Grand Prix,interlagos,2022-11-13,bottas,BOT,alfa,14,9,2.0,Finished
2022,21,São Paulo Grand Prix,interlagos,2022-11-13,stroll,STR,aston_martin,15,10,1.0,Finished
2022,21,São Paulo Grand Prix,interlagos,2022-11-13,vettel,VET,aston_martin,9,11,0.0,Finished
2022,21,São Paulo Grand Prix,interlagos,2022-11-13,zhou,ZHO,alfa,13,12,0.0,Finished
2022,21,São Paulo Grand Prix,interlagos,2022-11-13,mick_schumacher,MSC,haas,12,13,0.0,Finished
2022,21,São Paulo Grand Prix,interlagos,2022-11-13,gasly,GAS,alphatauri,10,14,0.0,Finished
2022,21,São Paulo Grand Prix,interlagos,2022-11-13,albon,ALB,williams,19,15,0.0,Finished
2022,21,São Paulo Grand Prix,interlagos,2022-11-13,latifi,LAT,williams,18,16,0.0,Finished
2022,21,São Paulo Grand Prix,interlagos,2022-11-13,tsunoda,TSU,alphatauri,0,17,0.0,+1 Lap
2022,21,São Paulo Grand Prix,interlagos,2022-11-13,norris,NOR,mclaren,6,18,0.0,Gearbox
2022,21,São Paulo Grand Prix,interlagos,2022-11-13,kevin_magnussen,MAG,haas,8,19,0.0,Collision
2022,21,São Paulo Grand Prix,interlagos,2022-11-13,ricciardo,RIC,mclaren,11,20,0.0,Collision
2022,22,Abu Dhabi Grand Prix,yas_marina,2022-11-20,max_verstappen,VER,red_bull,1,1,25.0,Finished
2022,22,Abu Dhabi Grand Prix,yas_marina,2022-11-20,leclerc,LEC,ferrari,3,2,18.0,Finished
2022,22,Abu Dhabi Grand Prix,yas_marina,2022-11-20,perez,PER,red_bull,2,3,15.0,Finished
2022,22,Abu Dhabi Grand Prix,yas_marina,2022-11-20,sainz,SAI,ferrari,4,4,12.0,Finished
2022,22,Abu Dhabi Grand Prix,yas_marina,2022-11-20,russell,RUS,mercedes,6,5,10.0,Finished
2022,22,Abu Dhabi Grand Prix,yas_marina,2022-11-20,norris,NOR,mclaren,7,6,9.0,Finished
2022,22,Abu Dhabi Grand Prix,yas_marina,2022-11-20,ocon,OCO,alpine,8,7,6.0,Finished
2022,22,Abu Dhabi Grand Prix,yas_marina,2022-11-20,stroll,STR,aston_martin,14,8,4.0,Finished
2022,22,Abu Dhabi Grand Prix,yas_marina,2022-11-20,ricciardo,RIC,mclaren,13,9,2.0,Finished
2022,22,Abu Dhabi Grand Prix,yas_marina,2022-11-20,vettel,VET,aston_martin,9,10,1.0,Finished
2022,22,Abu Dhabi Grand Prix,yas_marina,2022-11-20,tsunoda,TSU,alphatauri,11,11,0.0,Finished
2022,22,Abu Dhabi Grand Prix,yas_marina,2022-11-20,zhou,ZHO,alfa,15,12,0.0,+1 Lap
2022,22,Abu Dhabi Grand Prix,yas_marina,2022-11-20,albon,ALB,williams,19,13,0.0,+1 Lap
2022,22,Abu Dhabi Grand Prix,yas_marina,2022-11-20,gasly,GAS,alphatauri,17,14,0.0,+1 Lap
2022,22,Abu Dhabi Grand Prix,yas_marina,2022-11-20,bottas,BOT,alfa,18,15,0.0,+1 Lap
2022,22,Abu Dhabi Grand Prix,yas_marina,2022-11-20,mick_schumacher,MSC,haas,12,16,0.0,+1 Lap
2022,22,Abu Dhabi Grand Prix,yas_marina,2022-11-20,kevin_magnussen,MAG,haas,16,17,0.0,+1 Lap
2022,22,Abu Dhabi Grand Prix,yas_marina,2022-11-20,hamilton,HAM,mercedes,5,18,0.0,Hydraulics
2022,22,Abu Dhabi Grand Prix,yas_marina,2022-11-20,latifi,LAT,williams,20,19,0.0,Collision damage
2022,22,Abu Dhabi Grand Prix,yas_marina,2022-11-20,alonso,ALO,alpine,10,20,0.0,Water leak
2023,1,Bahrain Grand Prix,bahrain,2023-03-05,max_verstappen,VER,red_bull,1,1,25.0,Finished
2023,1,Bahrain Grand Prix,bahrain,2023-03-05,perez,PER,red_bull,2,2,18.0,Finished
2023,1,Bahrain Grand Prix,bahrain,2023-03-05,alonso,ALO,aston_martin,5,3,15.0,Finished
2023,1,Bahrain Grand Prix,bahrain,2023-03-05,sainz,SAI,ferrari,4,4,12.0,Finished
2023,1,Bahrain Grand Prix,bahrain,2023-03-05,hamilton,HAM,mercedes,7,5,10.0,Finished
2023,1,Bahrain Grand Prix,bahrain,2023-03-05,stroll,STR,aston_martin,8,6,8.0,Finished
2023,1,Bahrain Grand Prix,bahrain,2023-03-05,russell,RUS,mercedes,6,7,6.0,Finished
2023,1,Bahrain Grand Prix,bahrain,2023-03-05,bottas,BOT,alfa,12,8,4.0,Finished
2023,1,Bahrain Grand Prix,bahrain,2023-03-05,gasly,GAS,alpine,20,9,2.0,Finished
2023,1,Bahrain Grand Prix,bahrain,2023-03-05,albon,ALB,williams,15,10,1.0,Finished
2023,1,Bahrain Grand Prix,bahrain,2023-03-05,tsunoda,TSU,alphatauri,14,11,0.0,Finished
2023,1,Bahrain Grand Prix,bahrain,2023-03-05,sargeant,SAR,williams,16,12,0.0,Lapped
2023,1,Bahrain Grand Prix,bahrain,2023-03-05,kevin_magnussen,MAG,haas,17,13,0.0,Lapped
2023,1,Bahrain Grand Prix,bahrain,2023-03-05,de_vries,DEV,alphatauri,19,14,0.0,Lapped
2023,1,Bahrain Grand Prix,bahrain,2023-03-05,hulkenberg,HUL,haas,10,15,0.0,Lapped
2023,1,Bahrain Grand Prix,bahrain,2023-03-05,zhou,ZHO,alfa,13,16,0.0,Lapped
2023,1,Bahrain Grand Prix,bahrain,2023-03-05,norris,NOR,mclaren,11,17,0.0,Lapped
2023,1,Bahrain Grand Prix,bahrain,2023-03-05,ocon,OCO,alpine,9,18,0.0,Retired
2023,1,Bahrain Grand Prix,bahrain,2023-03-05,leclerc,LEC,ferrari,3,19,0.0,Retired
2023,1,Bahrain Grand Prix,bahrain,2023-03-05,piastri,PIA,mclaren,18,20,0.0,Retired
2023,2,Saudi Arabian Grand Prix,jeddah,2023-03-19,perez,PER,red_bull,1,1,25.0,Finished
2023,2,Saudi Arabian Grand Prix,jeddah,2023-03-19,max_verstappen,VER,red_bull,15,2,19.0,Finished
2023,2,Saudi Arabian Grand Prix,jeddah,2023-03-19,alonso,ALO,aston_martin,2,3,15.0,Finished
2023,2,Saudi Arabian Grand Prix,jeddah,2023-03-19,russell,RUS,mercedes,3,4,12.0,Finished
2023,2,Saudi Arabian Grand Prix,jeddah,2023-03-19,hamilton,HAM,mercedes,7,5,10.0,Finished
2023,2,Saudi Arabian Grand Prix,jeddah,2023-03-19,sainz,SAI,ferrari,4,6,8.0,Finished
2023,2,Saudi Arabian Grand Prix,jeddah,2023-03-19,leclerc,LEC,ferrari,12,7,6.0,Finished
2023,2,Saudi Arabian Grand Prix,jeddah,2023-03-19,ocon,OCO,alpine,6,8,4.0,Finished
2023,2,Saudi Arabian Grand Prix,jeddah,2023-03-19,gasly,GAS,alpine,9,9,2.0,Finished
2023,2,Saudi Arabian Grand Prix,jeddah,2023-03-19,kevin_magnussen,MAG,haas,13,10,1.0,Finished
2023,2,Saudi Arabian Grand Prix,jeddah,2023-03-19,tsunoda,TSU,alphatauri,16,11,0.0,Finished
2023,2,Saudi Arabian Grand Prix,jeddah,2023-03-19,hulkenberg,HUL,haas,10,12,0.0,Finished
2023,2,Saudi Arabian Grand Prix,jeddah,2023-03-19,zhou,ZHO,alfa,11,13,0.0,Finished
2023,2,Saudi Arabian Grand Prix,jeddah,2023-03-19,de_vries,DEV,alphatauri,18,14,0.0,Finished
2023,2,Saudi Arabian Grand Prix,jeddah,2023-03-19,piastri,PIA,mclaren,8,15,0.0,Finished
2023,2,Saudi Arabian Grand Prix,jeddah,2023-03-19,sargeant,SAR,williams,20,16,0.0,Finished
2023,2,Saudi Arabian Grand Prix,jeddah,2023-03-19,norris,NOR,mclaren,19,17,0.0,Finished
2023,2,Saudi Arabian Grand Prix,jeddah,2023-03-19,bottas,BOT,alfa,14,18,0.0,Lapped
2023,2,Saudi Arabian Grand Prix,jeddah,2023-03-19,albon,ALB,williams,17,19,0.0,Retired
2023,2,Saudi Arabian Grand Prix,jeddah,2023-03-19,stroll,STR,aston_martin,5,20,0.0,Retired
2023,3,Australian Grand Prix,albert_park,2023-04-02,max_verstappen,VER,red_bull,1,1,25.0,Finished
2023,3,Australian Grand Prix,albert_park,2023-04-02,hamilton,HAM,mercedes,3,2,18.0,Finished
2023,3,Australian Grand Prix,albert_park,2023-04-02,alonso,ALO,aston_martin,4,3,15.0,Finished
2023,3,Australian Grand Prix,albert_park,2023-04-02,stroll,STR,aston_martin,6,4,12.0,Finished
2023,3,Australian Grand Prix,albert_park,2023-04-02,perez,PER,red_bull,20,5,11.0,Finished
2023,3,Australian Grand Prix,albert_park,2023-04-02,norris,NOR,mclaren,13,6,8.0,Finished
2023,3,Australian Grand Prix,albert_park,2023-04-02,hulkenberg,HUL,haas,10,7,6.0,Finished
2023,3,Australian Grand Prix,albert_park,2023-04-02,piastri,PIA,mclaren,16,8,4.0,Finished
2023,3,Australian Grand Prix,albert_park,2023-04-02,zhou,ZHO,alfa,17,9,2.0,Finished
2023,3,Australian Grand Prix,albert_park,2023-04-02,tsunoda,TSU,alphatauri,12,10,1.0,Finished
2023,3,Australian Grand Prix,albert_park,2023-04-02,bottas,BOT,alfa,19,11,0.0,Finished
2023,3,Australian Grand Prix,albert_park,2023-04-02,sainz,SAI,ferrari,5,12,0.0,Finished
2023,3,Australian Grand Prix,albert_park,2023-04-02,gasly,GAS,alpine,9,13,0.0,Retired
2023,3,Australian Grand Prix,albert_park,2023-04-02,ocon,OCO,alpine,11,14,0.0,Retired
2023,3,Australian Grand Prix,albert_park,2023-04-02,de_vries,DEV,alphatauri,15,15,0.0,Retired
2023,3,Australian Grand Prix,albert_park,2023-04-02,sargeant,SAR,williams,18,16,0.0,Retired
2023,3,Australian Grand Prix,albert_park,2023-04-02,kevin_magnussen,MAG,haas,14,17,0.0,Retired
2023,3,Australian Grand Prix,albert_park,2023-04-02,russell,RUS,mercedes,2,18,0.0,Retired
2023,3,Australian Grand Prix,albert_park,2023-04-02,albon,ALB,williams,8,19,0.0,Retired
2023,3,Australian Grand Prix,albert_park,2023-04-02,leclerc,LEC,ferrari,7,20,0.0,Retired
2023,4,Azerbaijan Grand Prix,baku,2023-04-30,perez,PER,red_bull,3,1,25.0,Finished
2023,4,Azerbaijan Grand Prix,baku,2023-04-30,max_verstappen,VER,red_bull,2,2,18.0,Finished
2023,4,Azerbaijan Grand Prix,baku,2023-04-30,leclerc,LEC,ferrari,1,3,15.0,Finished
2023,4,Azerbaijan Grand Prix,baku,2023-04-30,alonso,ALO,aston_martin,6,4,12.0,Finished
2023,4,Azerbaijan Grand Prix,baku,2023-04-30,sainz,SAI,ferrari,4,5,10.0,Finished
2023,4,Azerbaijan Grand Prix,baku,2023-04-30,hamilton,HAM,mercedes,5,6,8.0,Finished
2023,4,Azerbaijan Grand Prix,baku,2023-04-30,stroll,STR,aston_martin,9,7,6.0,Finished
2023,4,Azerbaijan Grand Prix,baku,2023-04-30,russell,RUS,mercedes,11,8,5.0,Finished
2023,4,Azerbaijan Grand Prix,baku,2023-04-30,norris,NOR,mclaren,7,9,2.0,Finished
2023,4,Azerbaijan Grand Prix,baku,2023-04-30,tsunoda,TSU,alphatauri,8,10,1.0,Finished
2023,4,Azerbaijan Grand Prix,baku,2023-04-30,piastri,PIA,mclaren,10,11,0.0,Finished
2023,4,Azerbaijan Grand Prix,baku,2023-04-30,albon,ALB,williams,12,12,0.0,Finished
2023,4,Azerbaijan Grand Prix,baku,2023-04-30,kevin_magnussen,MAG,haas,16,13,0.0,Finished
2023,4,Azerbaijan Grand Prix,baku,2023-04-30,gasly,GAS,alpine,17,14,0.0,Finished
2023,4,Azerbaijan Grand Prix,baku,2023-04-30,ocon,OCO,alpine,19,15,0.0,Finished
2023,4,Azerbaijan Grand Prix,baku,2023-04-30,sargeant,SAR,williams,14,16,0.0,Finished
2023,4,Azerbaijan Grand Prix,baku,2023-04-30,hulkenberg,HUL,haas,20,17,0.0,Lapped
2023,4,Azerbaijan Grand Prix,baku,2023-04-30,bottas,BOT,alfa,13,18,0.0,Lapped
2023,4,Azerbaijan Grand Prix,baku,2023-04-30,zhou,ZHO,alfa,15,19,0.0,Retired
2023,4,Azerbaijan Grand Prix,baku,2023-04-30,de_vries,DEV,alphatauri,18,20,0.0,Retired
2023,5,Miami Grand Prix,miami,2023-05-07,max_verstappen,VER,red_bull,9,1,26.0,Finished
2023,5,Miami Grand Prix,miami,2023-05-07,perez,PER,red_bull,1,2,18.0,Finished
2023,5,Miami Grand Prix,miami,2023-05-07,alonso,ALO,aston_martin,2,3,15.0,Finished
2023,5,Miami Grand Prix,miami,2023-05-07,russell,RUS,mercedes,6,4,12.0,Finished
2023,5,Miami Grand Prix,miami,2023-05-07,sainz,SAI,ferrari,3,5,10.0,Finished
2023,5,Miami Grand Prix,miami,2023-05-07,hamilton,HAM,mercedes,13,6,8.0,Finished
2023,5,Miami Grand Prix,miami,2023-05-07,leclerc,LEC,ferrari,7,7,6.0,Finished
2023,5,Miami Grand Prix,miami,2023-05-07,gasly,GAS,alpine,5,8,4.0,Finished
2023,5,Miami Grand Prix,miami,2023-05-07,ocon,OCO,alpine,8,9,2.0,Finished
2023,5,Miami Grand Prix,miami,2023-05-07,kevin_magnussen,MAG,haas,4,10,1.0,Finished
2023,5,Miami Grand Prix,miami,2023-05-07,tsunoda,TSU,alphatauri,17,11,0.0,Finished
2023,5,Miami Grand Prix,miami,2023-05-07,stroll,STR,aston_martin,18,12,0.0,Finished
2023,5,Miami Grand Prix,miami,2023-05-07,bottas,BOT,alfa,10,13,0.0,Finished
2023,5,Miami Grand Prix,miami,2023-05-07,albon,ALB,williams,11,14,0.0,Finished
2023,5,Miami Grand Prix,miami,2023-05-07,hulkenberg,HUL,haas,12,15,0.0,Finished
2023,5,Miami Grand Prix,miami,2023-05-07,zhou,ZHO,alfa,14,16,0.0,Finished
2023,5,Miami Grand Prix,miami,2023-05-07,norris,NOR,mclaren,16,17,0.0,Finished
2023,5,Miami Grand Prix,miami,2023-05-07,de_vries,DEV,alphatauri,15,18,0.0,Finished
2023,5,Miami Grand Prix,miami,2023-05-07,piastri,PIA,mclaren,19,19,0.0,Lapped
2023,5,Miami Grand Prix,miami,2023-05-07,sargeant,SAR,williams,20,20,0.0,Lapped
2023,6,Monaco Grand Prix,monaco,2023-05-28,max_verstappen,VER,red_bull,1,1,25.0,Finished
2023,6,Monaco Grand Prix,monaco,2023-05-28,alonso,ALO,aston_martin,2,2,18.0,Finished
2023,6,Monaco Grand Prix,monaco,2023-05-28,ocon,OCO,alpine,3,3,15.0,Finished
2023,6,Monaco Grand Prix,monaco,2023-05-28,hamilton,HAM,mercedes,5,4,13.0,Finished
2023,6,Monaco Grand Prix,monaco,2023-05-28,russell,RUS,mercedes,8,5,10.0,Finished
2023,6,Monaco Grand Prix,monaco,2023-05-28,leclerc,LEC,ferrari,6,6,8.0,Finished
2023,6,Monaco Grand Prix,monaco,2023-05-28,gasly,GAS,alpine,7,7,6.0,Finished
2023,6,Monaco Grand Prix,monaco,2023-05-28,sainz,SAI,ferrari,4,8,4.0,Finished
2023,6,Monaco Grand Prix,monaco,2023-05-28,norris,NOR,mclaren,10,9,2.0,Lapped
2023,6,Monaco Grand Prix,monaco,2023-05-28,piastri,PIA,mclaren,11,10,1.0,Lapped
2023,6,Monaco Grand Prix,monaco,2023-05-28,bottas,BOT,alfa,15,11,0.0,Lapped
2023,6,Monaco Grand Prix,monaco,2023-05-28,de_vries,DEV,alphatauri,12,12,0.0,Lapped
2023,6,Monaco Grand Prix,monaco,2023-05-28,zhou,ZHO,alfa,19,13,0.0,Lapped
2023,6,Monaco Grand Prix,monaco,2023-05-28,albon,ALB,williams,13,14,0.0,Lapped
2023,6,Monaco Grand Prix,monaco,2023-05-28,tsunoda,TSU,alphatauri,9,15,0.0,Lapped
2023,6,Monaco Grand Prix,monaco,2023-05-28,perez,PER,red_bull,20,16,0.0,Lapped
2023,6,Monaco Grand Prix,monaco,2023-05-28,hulkenberg,HUL,haas,18,17,0.0,Lapped
2023,6,Monaco Grand Prix,monaco,2023-05-28,sargeant,SAR,williams,16,18,0.0,Lapped
2023,6,Monaco Grand Prix,monaco,2023-05-28,kevin_magnussen,MAG,haas,17,19,0.0,Retired
2023,6,Monaco Grand Prix,monaco,2023-05-28,stroll,STR,aston_martin,14,20,0.0,Retired
2023,7,Spanish Grand Prix,catalunya,2023-06-04,max_verstappen,VER,red_bull,1,1,26.0,Finished
2023,7,Spanish Grand Prix,catalunya,2023-06-04,hamilton,HAM,mercedes,4,2,18.0,Finished
2023,7,Spanish Grand Prix,catalunya,2023-06-04,russell,RUS,mercedes,12,3,15.0,Finished
2023,7,Spanish Grand Prix,catalunya,2023-06-04,perez,PER,red_bull,11,4,12.0,Finished
2023,7,Spanish Grand Prix,catalunya,2023-06-04,sainz,SAI,ferrari,2,5,10.0,Finished
2023,7,Spanish Grand Prix,catalunya,2023-06-04,stroll,STR,aston_martin,5,6,8.0,Finished
2023,7,Spanish Grand Prix,catalunya,2023-06-04,alonso,ALO,aston_martin,8,7,6.0,Finished
2023,7,Spanish Grand Prix,catalunya,2023-06-04,ocon,OCO,alpine,6,8,4.0,Finished
2023,7,Spanish Grand Prix,catalunya,2023-06-04,zhou,ZHO,alfa,13,9,2.0,Finished
2023,7,Spanish Grand Prix,catalunya,2023-06-04,gasly,GAS,alpine,10,10,1.0,Finished
2023,7,Spanish Grand Prix,catalunya,2023-06-04,leclerc,LEC,ferrari,19,11,0.0,Finished
2023,7,Spanish Grand Prix,catalunya,2023-06-04,tsunoda,TSU,alphatauri,15,12,0.0,Finished
2023,7,Spanish Grand Prix,catalunya,2023-06-04,piastri,PIA,mclaren,9,13,0.0,Lapped
2023,7,Spanish Grand Prix,catalunya,2023-06-04,de_vries,DEV,alphatauri,14,14,0.0,Lapped
2023,7,Spanish Grand Prix,catalunya,2023-06-04,hulkenberg,HUL,haas,7,15,0.0,Lapped
2023,7,Spanish Grand Prix,catalunya,2023-06-04,albon,ALB,williams,18,16,0.0,Lapped
2023,7,Spanish Grand Prix,catalunya,2023-06-04,norris,NOR,mclaren,3,17,0.0,Lapped
2023,7,Spanish Grand Prix,catalunya,2023-06-04,kevin_magnussen,MAG,haas,17,18,0.0,Lapped
2023,7,Spanish Grand Prix,catalunya,2023-06-04,bottas,BOT,alfa,16,19,0.0,Lapped
2023,7,Spanish Grand Prix,catalunya,2023-06-04,sargeant,SAR,williams,20,20,0.0,Lapped
2023,8,Canadian Grand Prix,villeneuve,2023-06-18,max_verstappen,VER,red_bull,1,1,25.0,Finished
2023,8,Canadian Grand Prix,villeneuve,2023-06-18,alonso,ALO,aston_martin,2,2,18.0,Finished
2023,8,Canadian Grand Prix,villeneuve,2023-06-18,hamilton,HAM,mercedes,3,3,15.0,Finished
2023,8,Canadian Grand Prix,villeneuve,2023-06-18,leclerc,LEC,ferrari,10,4,12.0,Finished
2023,8,Canadian Grand Prix,villeneuve,2023-06-18,sainz,SAI,ferrari,11,5,10.0,Finished
2023,8,Canadian Grand Prix,villeneuve,2023-06-18,perez,PER,red_bull,12,6,9.0,Finished
2023,8,Canadian Grand Prix,villeneuve,2023-06-18,albon,ALB,williams,9,7,6.0,Finished
2023,8,Canadian Grand Prix,villeneuve,2023-06-18,ocon,OCO,alpine,6,8,4.0,Finished
2023,8,Canadian Grand Prix,villeneuve,2023-06-18,stroll,STR,aston_martin,16,9,2.0,Finished
2023,8,Canadian Grand Prix,villeneuve,2023-06-18,bottas,BOT,alfa,14,10,1.0,Finished
2023,8,Canadian Grand Prix,villeneuve,2023-06-18,piastri,PIA,mclaren,8,11,0.0,Finished
2023,8,Canadian Grand Prix,villeneuve,2023-06-18,gasly,GAS,alpine,15,12,0.0,Finished
2023,8,Canadian Grand Prix,villeneuve,2023-06-18,norris,NOR,mclaren,7,13,0.0,Finished
2023,8,Canadian Grand Prix,villeneuve,2023-06-18,tsunoda,TSU,alphatauri,19,14,0.0,Finished
2023,8,Canadian Grand Prix,villeneuve,2023-06-18,hulkenberg,HUL,haas,5,15,0.0,Lapped
2023,8,Canadian Grand Prix,villeneuve,2023-06-18,zhou,ZHO,alfa,20,16,0.0,Lapped
2023,8,Canadian Grand Prix,villeneuve,2023-06-18,kevin_magnussen,MAG,haas,13,17,0.0,Lapped
2023,8,Canadian Grand Prix,villeneuve,2023-06-18,de_vries,DEV,alphatauri,17,18,0.0,Lapped
2023,8,Canadian Grand Prix,villeneuve,2023-06-18,russell,RUS,mercedes,4,19,0.0,Retired
2023,8,Canadian Grand Prix,villeneuve,2023-06-18,sargeant,SAR,williams,18,20,0.0,Retired
2023,9,Austrian Grand Prix,red_bull_ring,2023-07-02,max_verstappen,VER,red_bull,1,1,26.0,Finished
2023,9,Austrian Grand Prix,red_bull_ring,2023-07-02,leclerc,LEC,ferrari,2,2,18.0,Finished
2023,9,Austrian Grand Prix,red_bull_ring,2023-07-02,perez,PER,red_bull,15,3,15.0,Finished
2023,9,Austrian Grand Prix,red_bull_ring,2023-07-02,norris,NOR,mclaren,4,4,12.0,Finished
2023,9,Austrian Grand Prix,red_bull_ring,2023-07-02,alonso,ALO,aston_martin,7,5,10.0,Finished
2023,9,Austrian Grand Prix,red_bull_ring,2023-07-02,sainz,SAI,ferrari,3,6,8.0,Finished
2023,9,Austrian Grand Prix,red_bull_ring,2023-07-02,russell,RUS,mercedes,11,7,6.0,Finished
2023,9,Austrian Grand Prix,red_bull_ring,2023-07-02,hamilton,HAM,mercedes,5,8,4.0,Finished
2023,9,Austrian Grand Prix,red_bull_ring,2023-07-02,stroll,STR,aston_martin,6,9,2.0,Finished
2023,9,Austrian Grand Prix,red_bull_ring,2023-07-02,gasly,GAS,alpine,9,10,1.0,Finished
2023,9,Austrian Grand Prix,red_bull_ring,2023-07-02,albon,ALB,williams,10,11,0.0,Finished
2023,9,Austrian Grand Prix,red_bull_ring,2023-07-02,zhou,ZHO,alfa,17,12,0.0,Lapped
2023,9,Austrian Grand Prix,red_bull_ring,2023-07-02,sargeant,SAR,williams,18,13,0.0,Lapped
2023,9,Austrian Grand Prix,red_bull_ring,2023-07-02,ocon,OCO,alpine,12,14,0.0,Lapped
2023,9,Austrian Grand Prix,red_bull_ring,2023-07-02,bottas,BOT,alfa,14,15,0.0,Lapped
2023,9,Austrian Grand Prix,red_bull_ring,2023-07-02,piastri,PIA,mclaren,13,16,0.0,Lapped
2023,9,Austrian Grand Prix,red_bull_ring,2023-07-02,de_vries,DEV,alphatauri,20,17,0.0,Lapped
2023,9,Austrian Grand Prix,red_bull_ring,2023-07-02,kevin_magnussen,MAG,haas,19,18,0.0,Lapped
2023,9,Austrian Grand Prix,red_bull_ring,2023-07-02,tsunoda,TSU,alphatauri,16,19,0.0,Lapped
2023,9,Austrian Grand Prix,red_bull_ring,2023-07-02,hulkenberg,HUL,haas,8,20,0.0,Retired
2023,10,British Grand Prix,silverstone,2023-07-09,max_verstappen,VER,red_bull,1,1,26.0,Finished
2023,10,British Grand Prix,silverstone,2023-07-09,norris,NOR,mclaren,2,2,18.0,Finished
2023,10,British Grand Prix,silverstone,2023-07-09,hamilton,HAM,mercedes,7,3,15.0,Finished
2023,10,British Grand Prix,silverstone,2023-07-09,piastri,PIA,mclaren,3,4,12.0,Finished
2023,10,British Grand Prix,silverstone,2023-07-09,russell,RUS,mercedes,6,5,10.0,Finished
2023,10,British Grand Prix,silverstone,2023-07-09,perez,PER,red_bull,15,6,8.0,Finished
2023,10,British Grand Prix,silverstone,2023-07-09,alonso,ALO,aston_martin,9,7,6.0,Finished
2023,10,British Grand Prix,silverstone,2023-07-09,albon,ALB,williams,8,8,4.0,Finished
2023,10,British Grand Prix,silverstone,2023-07-09,leclerc,LEC,ferrari,4,9,2.0,Finished
2023,10,British Grand Prix,silverstone,2023-07-09,sainz,SAI,ferrari,5,10,1.0,Finished
2023,10,British Grand Prix,silverstone,2023-07-09,sargeant,SAR,williams,14,11,0.0,Finished
2023,10,British Grand Prix,silverstone,2023-07-09,bottas,BOT,alfa,20,12,0.0,Finished
2023,10,British Grand Prix,silverstone,2023-07-09,hulkenberg,HUL,haas,11,13,0.0,Finished
2023,10,British Grand Prix,silverstone,2023-07-09,stroll,STR,aston_martin,12,14,0.0,Finished
2023,10,British Grand Prix,silverstone,2023-07-09,zhou,ZHO,alfa,17,15,0.0,Finished
2023,10,British Grand Prix,silverstone,2023-07-09,tsunoda,TSU,alphatauri,16,16,0.0,Finished
2023,10,British Grand Prix,silverstone,2023-07-09,de_vries,DEV,alphatauri,18,17,0.0,Finished
2023,10,British Grand Prix,silverstone,2023-07-09,gasly,GAS,alpine,10,18,0.0,Retired
2023,10,British Grand Prix,silverstone,2023-07-09,kevin_magnussen,MAG,haas,19,19,0.0,Retired
2023,10,British Grand Prix,silverstone,2023-07-09,ocon,OCO,alpine,13,20,0.0,Retired
2023,11,Hungarian Grand Prix,hungaroring,2023-07-23,max_verstappen,VER,red_bull,2,1,26.0,Finished
2023,11,Hungarian Grand Prix,hungaroring,2023-07-23,norris,NOR,mclaren,3,2,18.0,Finished
2023,11,Hungarian Grand Prix,hungaroring,2023-07-23,perez,PER,red_bull,9,3,15.0,Finished
2023,11,Hungarian Grand Prix,hungaroring,2023-07-23,hamilton,HAM,mercedes,1,4,12.0,Finished
2023,11,Hungarian Grand Prix,hungaroring,2023-07-23,piastri,PIA,mclaren,4,5,10.0,Finished
2023,11,Hungarian Grand Prix,hungaroring,2023-07-23,russell,RUS,mercedes,18,6,8.0,Finished
2023,11,Hungarian Grand Prix,hungaroring,2023-07-23,leclerc,LEC,ferrari,6,7,6.0,Finished
2023,11,Hungarian Grand Prix,hungaroring,2023-07-23,sainz,SAI,ferrari,11,8,4.0,Finished
2023,11,Hungarian Grand Prix,hungaroring,2023-07-23,alonso,ALO,aston_martin,8,9,2.0,Finished
2023,11,Hungarian Grand Prix,hungaroring,2023-07-23,stroll,STR,aston_martin,14,10,1.0,Lapped
2023,11,Hungarian Grand Prix,hungaroring,2023-07-23,albon,ALB,williams,16,11,0.0,Lapped
2023,11,Hungarian Grand Prix,hungaroring,2023-07-23,bottas,BOT,alfa,7,12,0.0,Lapped
2023,11,Hungarian Grand Prix,hungaroring,2023-07-23,ricciardo,RIC,alphatauri,13,13,0.0,Lapped
2023,11,Hungarian Grand Prix,hungaroring,2023-07-23,hulkenberg,HUL,haas,10,14,0.0,Lapped
2023,11,Hungarian Grand Prix,hungaroring,2023-07-23,tsunoda,TSU,alphatauri,17,15,0.0,Lapped
2023,11,Hungarian Grand Prix,hungaroring,2023-07-23,zhou,ZHO,alfa,5,16,0.0,Lapped
2023,11,Hungarian Grand Prix,hungaroring,2023-07-23,kevin_magnussen,MAG,haas,19,17,0.0,Lapped
2023,11,Hungarian Grand Prix,hungaroring,2023-07-23,sargeant,SAR,williams,20,18,0.0,Retired
2023,11,Hungarian Grand Prix,hungaroring,2023-07-23,ocon,OCO,alpine,12,19,0.0,Retired
2023,11,Hungarian Grand Prix,hungaroring,2023-07-23,gasly,GAS,alpine,15,20,0.0,Retired
2023,12,Belgian Grand Prix,spa,2023-07-30,max_verstappen,VER,red_bull,6,1,25.0,Finished
2023,12,Belgian Grand Prix,spa,2023-07-30,perez,PER,red_bull,2,2,18.0,Finished
2023,12,Belgian Grand Prix,spa,2023-07-30,leclerc,LEC,ferrari,1,3,15.0,Finished
2023,12,Belgian Grand Prix,spa,2023-07-30,hamilton,HAM,mercedes,3,4,13.0,Finished
2023,12,Belgian Grand Prix,spa,2023-07-30,alonso,ALO,aston_martin,9,5,10.0,Finished
2023,12,Belgian Grand Prix,spa,2023-07-30,russell,RUS,mercedes,8,6,8.0,Finished
2023,12,Belgian Grand Prix,spa,2023-07-30,norris,NOR,mclaren,7,7,6.0,Finished
2023,12,Belgian Grand Prix,spa,2023-07-30,ocon,OCO,alpine,14,8,4.0,Finished
2023,12,Belgian Grand Prix,spa,2023-07-30,stroll,STR,aston_martin,10,9,2.0,Finished
2023,12,Belgian Grand Prix,spa,2023-07-30,tsunoda,TSU,alphatauri,11,10,1.0,Finished
2023,12,Belgian Grand Prix,spa,2023-07-30,gasly,GAS,alpine,12,11,0.0,Finished
2023,12,Belgian Grand Prix,spa,2023-07-30,bottas,BOT,alfa,13,12,0.0,Finished
2023,12,Belgian Grand Prix,spa,2023-07-30,zhou,ZHO,alfa,17,13,0.0,Finished
2023,12,Belgian Grand Prix,spa,2023-07-30,albon,ALB,williams,15,14,0.0,Finished
2023,12,Belgian Grand Prix,spa,2023-07-30,kevin_magnussen,MAG,haas,16,15,0.0,Finished
2023,12,Belgian Grand Prix,spa,2023-07-30,ricciardo,RIC,alphatauri,19,16,0.0,Finished
2023,12,Belgian Grand Prix,spa,2023-07-30,sargeant,SAR,williams,18,17,0.0,Finished
2023,12,Belgian Grand Prix,spa,2023-07-30,hulkenberg,HUL,haas,20,18,0.0,Finished
2023,12,Belgian Grand Prix,spa,2023-07-30,sainz,SAI,ferrari,4,19,0.0,Retired
2023,12,Belgian Grand Prix,spa,2023-07-30,piastri,PIA,mclaren,5,20,0.0,Retired
2023,13,Dutch Grand Prix,zandvoort,2023-08-27,max_verstappen,VER,red_bull,1,1,25.0,Finished
2023,13,Dutch Grand Prix,zandvoort,2023-08-27,alonso,ALO,aston_martin,5,2,19.0,Finished
2023,13,Dutch Grand Prix,zandvoort,2023-08-27,gasly,GAS,alpine,12,3,15.0,Finished
2023,13,Dutch Grand Prix,zandvoort,2023-08-27,perez,PER,red_bull,7,4,12.0,Finished
2023,13,Dutch Grand Prix,zandvoort,2023-08-27,sainz,SAI,ferrari,6,5,10.0,Finished
2023,13,Dutch Grand Prix,zandvoort,2023-08-27,hamilton,HAM,mercedes,13,6,8.0,Finished
2023,13,Dutch Grand Prix,zandvoort,2023-08-27,norris,NOR,mclaren,2,7,6.0,Finished
2023,13,Dutch Grand Prix,zandvoort,2023-08-27,albon,ALB,williams,4,8,4.0,Finished
2023,13,Dutch Grand Prix,zandvoort,2023-08-27,piastri,PIA,mclaren,8,9,2.0,Finished
2023,13,Dutch Grand Prix,zandvoort,2023-08-27,ocon,OCO,alpine,16,10,1.0,Finished
2023,13,Dutch Grand Prix,zandvoort,2023-08-27,stroll,STR,aston_martin,11,11,0.0,Finished
2023,13,Dutch Grand Prix,zandvoort,2023-08-27,hulkenberg,HUL,haas,14,12,0.0,Finished
2023,13,Dutch Grand Prix,zandvoort,2023-08-27,lawson,LAW,alphatauri,19,13,0.0,Finished
2023,13,Dutch Grand Prix,zandvoort,2023-08-27,bottas,BOT,alfa,18,14,0.0,Finished
2023,13,Dutch Grand Prix,zandvoort,2023-08-27,tsunoda,TSU,alphatauri,17,15,0.0,Finished
2023,13,Dutch Grand Prix,zandvoort,2023-08-27,kevin_magnussen,MAG,haas,0,16,0.0,Finished
2023,13,Dutch Grand Prix,zandvoort,2023-08-27,russell,RUS,mercedes,3,17,0.0,Finished
2023,13,Dutch Grand Prix,zandvoort,2023-08-27,zhou,ZHO,alfa,15,18,0.0,Accident
2023,13,Dutch Grand Prix,zandvoort,2023-08-27,leclerc,LEC,ferrari,9,19,0.0,Undertray
2023,13,Dutch Grand Prix,zandvoort,2023-08-27,sargeant,SAR,williams,10,20,0.0,Accident
2023,14,Italian Grand Prix,monza,2023-09-03,max_verstappen,VER,red_bull,2,1,25.0,Finished
2023,14,Italian Grand Prix,monza,2023-09-03,perez,PER,red_bull,5,2,18.0,Finished
2023,14,Italian Grand Prix,monza,2023-09-03,sainz,SAI,ferrari,1,3,15.0,Finished
2023,14,Italian Grand Prix,monza,2023-09-03,leclerc,LEC,ferrari,3,4,12.0,Finished
2023,14,Italian Grand Prix,monza,2023-09-03,russell,RUS,mercedes,4,5,10.0,Finished
2023,14,Italian Grand Prix,monza,2023-09-03,hamilton,HAM,mercedes,8,6,8.0,Finished
2023,14,Italian Grand Prix,monza,2023-09-03,albon,ALB,williams,6,7,6.0,Finished
2023,14,Italian Grand Prix,monza,2023-09-03,norris,NOR,mclaren,9,8,4.0,Finished
2023,14,Italian Grand Prix,monza,2023-09-03,alonso,ALO,aston_martin,10,9,2.0,Finished
2023,14,Italian Grand Prix,monza,2023-09-03,bottas,BOT,alfa,14,10,1.0,Finished
2023,14,Italian Grand Prix,monza,2023-09-03,lawson,LAW,alphatauri,12,11,0.0,Finished
2023,14,Italian Grand Prix,monza,2023-09-03,piastri,PIA,mclaren,7,12,0.0,Finished
2023,14,Italian Grand Prix,monza,2023-09-03,sargeant,SAR,williams,15,13,0.0,Finished
2023,14,Italian Grand Prix,monza,2023-09-03,zhou,ZHO,alfa,16,14,0.0,Finished
2023,14,Italian Grand Prix,monza,2023-09-03,gasly,GAS,alpine,17,15,0.0,Finished
2023,14,Italian Grand Prix,monza,2023-09-03,stroll,STR,aston_martin,20,16,0.0,Finished
2023,14,Italian Grand Prix,monza,2023-09-03,hulkenberg,HUL,haas,13,17,0.0,Lapped
2023,14,Italian Grand Prix,monza,2023-09-03,kevin_magnussen,MAG,haas,19,18,0.0,Lapped
2023,14,Italian Grand Prix,monza,2023-09-03,ocon,OCO,alpine,18,19,0.0,Retired
2023,14,Italian Grand Prix,monza,2023-09-03,tsunoda,TSU,alphatauri,11,20,0.0,Did not start
2023,15,Singapore Grand Prix,marina_bay,2023-09-17,sainz,SAI,ferrari,1,1,25.0,Finished
2023,15,Singapore Grand Prix,marina_bay,2023-09-17,norris,NOR,mclaren,4,2,18.0,Finished
2023,15,Singapore Grand Prix,marina_bay,2023-09-17,hamilton,HAM,mercedes,5,3,16.0,Finished
2023,15,Singapore Grand Prix,marina_bay,2023-09-17,leclerc,LEC,ferrari,3,4,12.0,Finished
2023,15,Singapore Grand Prix,marina_bay,2023-09-17,max_verstappen,VER,red_bull,11,5,10.0,Finished
2023,15,Singapore Grand Prix,marina_bay,2023-09-17,gasly,GAS,alpine,12,6,8.0,Finished
2023,15,Singapore Grand Prix,marina_bay,2023-09-17,piastri,PIA,mclaren,17,7,6.0,Finished
2023,15,Singapore Grand Prix,marina_bay,2023-09-17,perez,PER,red_bull,13,8,4.0,Finished
2023,15,Singapore Grand Prix,marina_bay,2023-09-17,lawson,LAW,alphatauri,10,9,2.0,Finished
2023,15,Singapore Grand Prix,marina_bay,2023-09-17,kevin_magnussen,MAG,haas,6,10,1.0,Finished
2023,15,Singapore Grand Prix,marina_bay,2023-09-17,albon,ALB,williams,14,11,0.0,Finished
2023,15,Singapore Grand Prix,marina_bay,2023-09-17,zhou,ZHO,alfa,19,12,0.0,Finished
2023,15,Singapore Grand Prix,marina_bay,2023-09-17,hulkenberg,HUL,haas,9,13,0.0,Finished
2023,15,Singapore Grand Prix,marina_bay,2023-09-17,sargeant,SAR,williams,18,14,0.0,Finished
2023,15,Singapore Grand Prix,marina_bay,2023-09-17,alonso,ALO,aston_martin,7,15,0.0,Finished
2023,15,Singapore Grand Prix,marina_bay,2023-09-17,russell,RUS,mercedes,2,16,0.0,Retired
2023,15,Singapore Grand Prix,marina_bay,2023-09-17,bottas,BOT,alfa,16,17,0.0,Retired
2023,15,Singapore Grand Prix,marina_bay,2023-09-17,ocon,OCO,alpine,8,18,0.0,Retired
2023,15,Singapore Grand Prix,marina_bay,2023-09-17,tsunoda,TSU,alphatauri,15,19,0.0,Retired
2023,15,Singapore Grand Prix,marina_bay,2023-09-17,stroll,STR,aston_martin,0,20,0.0,Withdrew
2023,16,Japanese Grand Prix,suzuka,2023-09-24,max_verstappen,VER,red_bull,1,1,26.0,Finished
2023,16,Japanese Grand Prix,suzuka,2023-09-24,norris,NOR,mclaren,3,2,18.0,Finished
2023,16,Japanese Grand Prix,suzuka,2023-09-24,piastri,PIA,mclaren,2,3,15.0,Finished
2023,16,Japanese Grand Prix,suzuka,2023-09-24,leclerc,LEC,ferrari,4,4,12.0,Finished
2023,16,Japanese Grand Prix,suzuka,2023-09-24,hamilton,HAM,mercedes,7,5,10.0,Finished
2023,16,Japanese Grand Prix,suzuka,2023-09-24,sainz,SAI,ferrari,6,6,8.0,Finished
2023,16,Japanese Grand Prix,suzuka,2023-09-24,russell,RUS,mercedes,8,7,6.0,Finished
2023,16,Japanese Grand Prix,suzuka,2023-09-24,alonso,ALO,aston_martin,10,8,4.0,Finished
2023,16,Japanese Grand Prix,suzuka,2023-09-24,ocon,OCO,alpine,14,9,2.0,Finished
2023,16,Japanese Grand Prix,suzuka,2023-09-24,gasly,GAS,alpine,12,10,1.0,Finished
2023,16,Japanese Grand Prix,suzuka,2023-09-24,lawson,LAW,alphatauri,11,11,0.0,Lapped
2023,16,Japanese Grand Prix,suzuka,2023-09-24,tsunoda,TSU,alphatauri,9,12,0.0,Lapped
2023,16,Japanese Grand Prix,suzuka,2023-09-24,zhou,ZHO,alfa,19,13,0.0,Lapped
2023,16,Japanese Grand Prix,suzuka,2023-09-24,hulkenberg,HUL,haas,18,14,0.0,Lapped
2023,16,Japanese Grand Prix,suzuka,2023-09-24,kevin_magnussen,MAG,haas,15,15,0.0,Lapped
2023,16,Japanese Grand Prix,suzuka,2023-09-24,albon,ALB,williams,13,16,0.0,Retired
2023,16,Japanese Grand Prix,suzuka,2023-09-24,sargeant,SAR,williams,20,17,0.0,Retired
2023,16,Japanese Grand Prix,suzuka,2023-09-24,stroll,STR,aston_martin,17,18,0.0,Retired
2023,16,Japanese Grand Prix,suzuka,2023-09-24,perez,PER,red_bull,5,19,0.0,Retired
2023,16,Japanese Grand Prix,suzuka,2023-09-24,bottas,BOT,alfa,16,20,0.0,Retired
2023,17,Qatar Grand Prix,losail,2023-10-08,max_verstappen,VER,red_bull,1,1,26.0,Finished
2023,17,Qatar Grand Prix,losail,2023-10-08,piastri,PIA,mclaren,6,2,18.0,Finished
2023,17,Qatar Grand Prix,losail,2023-10-08,norris,NOR,mclaren,10,3,15.0,Finished
2023,17,Qatar Grand Prix,losail,2023-10-08,russell,RUS,mercedes,2,4,12.0,Finished
2023,17,Qatar Grand Prix,losail,2023-10-08,leclerc,LEC,ferrari,5,5,10.0,Finished
2023,17,Qatar Grand Prix,losail,2023-10-08,alonso,ALO,aston_martin,4,6,8.0,Finished
2023,17,Qatar Grand Prix,losail,2023-10-08,ocon,OCO,alpine,8,7,6.0,Finished
2023,17,Qatar Grand Prix,losail,2023-10-08,bottas,BOT,alfa,9,8,4.0,Finished
2023,17,Qatar Grand Prix,losail,2023-10-08,zhou,ZHO,alfa,19,9,2.0,Finished
2023,17,Qatar Grand Prix,losail,2023-10-08,perez,PER,red_bull,20,10,1.0,Finished
2023,17,Qatar Grand Prix,losail,2023-10-08,stroll,STR,aston_martin,16,11,0.0,Finished
2023,17,Qatar Grand Prix,losail,2023-10-08,gasly,GAS,alpine,7,12,0.0,Finished
2023,17,Qatar Grand Prix,losail,2023-10-08,albon,ALB,williams,13,13,0.0,Finished
2023,17,Qatar Grand Prix,losail,2023-10-08,kevin_magnussen,MAG,haas,18,14,0.0,Lapped
2023,17,Qatar Grand Prix,losail,2023-10-08,tsunoda,TSU,alphatauri,11,15,0.0,Lapped
2023,17,Qatar Grand Prix,losail,2023-10-08,hulkenberg,HUL,haas,14,16,0.0,Lapped
2023,17,Qatar Grand Prix,losail,2023-10-08,lawson,LAW,alphatauri,17,17,0.0,Lapped
2023,17,Qatar Grand Prix,losail,2023-10-08,sargeant,SAR,williams,15,18,0.0,Retired
2023,17,Qatar Grand Prix,losail,2023-10-08,hamilton,HAM,mercedes,3,19,0.0,Retired
2023,17,Qatar Grand Prix,losail,2023-10-08,sainz,SAI,ferrari,12,20,0.0,Did not start
2023,18,United States Grand Prix,americas,2023-10-22,max_verstappen,VER,red_bull,6,1,25.0,Finished
2023,18,United States Grand Prix,americas,2023-10-22,norris,NOR,mclaren,2,2,18.0,Finished
2023,18,United States Grand Prix,americas,2023-10-22,sainz,SAI,ferrari,4,3,15.0,Finished
2023,18,United States Grand Prix,americas,2023-10-22,perez,PER,red_bull,9,4,12.0,Finished
2023,18,United States Grand Prix,americas,2023-10-22,russell,RUS,mercedes,5,5,10.0,Finished
2023,18,United States Grand Prix,americas,2023-10-22,gasly,GAS,alpine,7,6,8.0,Finished
2023,18,United States Grand Prix,americas,2023-10-22,stroll,STR,aston_martin,20,7,6.0,Finished
2023,18,United States Grand Prix,americas,2023-10-22,tsunoda,TSU,alphatauri,11,8,5.0,Finished
2023,18,United States Grand Prix,americas,2023-10-22,albon,ALB,williams,15,9,2.0,Finished
2023,18,United States Grand Prix,americas,2023-10-22,sargeant,SAR,williams,16,10,1.0,Finished
2023,18,United States Grand Prix,americas,2023-10-22,hulkenberg,HUL,haas,18,11,0.0,Finished
2023,18,United States Grand Prix,americas,2023-10-22,bottas,BOT,alfa,13,12,0.0,Finished
2023,18,United States Grand Prix,americas,2023-10-22,zhou,ZHO,alfa,12,13,0.0,Lapped
2023,18,United States Grand Prix,americas,2023-10-22,kevin_magnussen,MAG,haas,17,14,0.0,Lapped
2023,18,United States Grand Prix,americas,2023-10-22,ricciardo,RIC,alphatauri,14,15,0.0,Lapped
2023,18,United States Grand Prix,americas,2023-10-22,alonso,ALO,aston_martin,19,16,0.0,Retired
2023,18,United States Grand Prix,americas,2023-10-22,piastri,PIA,mclaren,10,17,0.0,Retired
2023,18,United States Grand Prix,americas,2023-10-22,ocon,OCO,alpine,8,18,0.0,Retired
2023,18,United States Grand Prix,americas,2023-10-22,hamilton,HAM,mercedes,3,19,0.0,Disqualified
2023,18,United States Grand Prix,americas,2023-10-22,leclerc,LEC,ferrari,1,20,0.0,Disqualified
2023,19,Mexico City Grand Prix,rodriguez,2023-10-29,max_verstappen,VER,red_bull,3,1,25.0,Finished
2023,19,Mexico City Grand Prix,rodriguez,2023-10-29,hamilton,HAM,mercedes,6,2,19.0,Finished
2023,19,Mexico City Grand Prix,rodriguez,2023-10-29,leclerc,LEC,ferrari,1,3,15.0,Finished
2023,19,Mexico City Grand Prix,rodriguez,2023-10-29,sainz,SAI,ferrari,2,4,12.0,Finished
2023,19,Mexico City Grand Prix,rodriguez,2023-10-29,norris,NOR,mclaren,17,5,10.0,Finished
2023,19,Mexico City Grand Prix,rodriguez,2023-10-29,russell,RUS,mercedes,8,6,8.0,Finished
2023,19,Mexico City Grand Prix,rodriguez,2023-10-29,ricciardo,RIC,alphatauri,4,7,6.0,Finished
2023,19,Mexico City Grand Prix,rodriguez,2023-10-29,piastri,PIA,mclaren,7,8,4.0,Finished
2023,19,Mexico City Grand Prix,rodriguez,2023-10-29,albon,ALB,williams,14,9,2.0,Finished
2023,19,Mexico City Grand Prix,rodriguez,2023-10-29,ocon,OCO,alpine,15,10,1.0,Finished
2023,19,Mexico City Grand Prix,rodriguez,2023-10-29,gasly,GAS,alpine,11,11,0.0,Finished
2023,19,Mexico City Grand Prix,rodriguez,2023-10-29,tsunoda,TSU,alphatauri,18,12,0.0,Finished
2023,19,Mexico City Grand Prix,rodriguez,2023-10-29,hulkenberg,HUL,haas,12,13,0.0,Finished
2023,19,Mexico City Grand Prix,rodriguez,2023-10-29,zhou,ZHO,alfa,10,14,0.0,Finished
2023,19,Mexico City Grand Prix,rodriguez,2023-10-29,bottas,BOT,alfa,9,15,0.0,Finished
2023,19,Mexico City Grand Prix,rodriguez,2023-10-29,sargeant,SAR,williams,19,16,0.0,Retired
2023,19,Mexico City Grand Prix,rodriguez,2023-10-29,stroll,STR,aston_martin,0,17,0.0,Collision damage
2023,19,Mexico City Grand Prix,rodriguez,2023-10-29,alonso,ALO,aston_martin,13,18,0.0,Withdrew
2023,19,Mexico City Grand Prix,rodriguez,2023-10-29,kevin_magnussen,MAG,haas,16,19,0.0,Accident
2023,19,Mexico City Grand Prix,rodriguez,2023-10-29,perez,PER,red_bull,5,20,0.0,Collision damage
2023,20,São Paulo Grand Prix,interlagos,2023-11-05,max_verstappen,VER,red_bull,1,1,25.0,Finished
2023,20,São Paulo Grand Prix,interlagos,2023-11-05,norris,NOR,mclaren,6,2,19.0,Finished
2023,20,São Paulo Grand Prix,interlagos,2023-11-05,alonso,ALO,aston_martin,4,3,15.0,Finished
2023,20,São Paulo Grand Prix,interlagos,2023-11-05,perez,PER,red_bull,9,4,12.0,Finished
2023,20,São Paulo Grand Prix,interlagos,2023-11-05,stroll,STR,aston_martin,3,5,10.0,Finished
2023,20,São Paulo Grand Prix,interlagos,2023-11-05,sainz,SAI,ferrari,7,6,8.0,Finished
2023,20,São Paulo Grand Prix,interlagos,2023-11-05,gasly,GAS,alpine,15,7,6.0,Finished
2023,20,São Paulo Grand Prix,interlagos,2023-11-05,hamilton,HAM,mercedes,5,8,4.0,Finished
2023,20,São Paulo Grand Prix,interlagos,2023-11-05,tsunoda,TSU,alphatauri,16,9,2.0,Finished
2023,20,São Paulo Grand Prix,interlagos,2023-11-05,ocon,OCO,alpine,14,10,1.0,Lapped
2023,20,São Paulo Grand Prix,interlagos,2023-11-05,sargeant,SAR,williams,19,11,0.0,Lapped
2023,20,São Paulo Grand Prix,interlagos,2023-11-05,hulkenberg,HUL,haas,11,12,0.0,Lapped
2023,20,São Paulo Grand Prix,interlagos,2023-11-05,ricciardo,RIC,alphatauri,17,13,0.0,Lapped
2023,20,São Paulo Grand Prix,interlagos,2023-11-05,piastri,PIA,mclaren,10,14,0.0,Lapped
2023,20,São Paulo Grand Prix,interlagos,2023-11-05,russell,RUS,mercedes,8,15,0.0,Retired
2023,20,São Paulo Grand Prix,interlagos,2023-11-05,bottas,BOT,alfa,18,16,0.0,Retired
2023,20,São Paulo Grand Prix,interlagos,2023-11-05,zhou,ZHO,alfa,20,17,0.0,Retired
2023,20,São Paulo Grand Prix,interlagos,2023-11-05,kevin_magnussen,MAG,haas,12,18,0.0,Retired
2023,20,São Paulo Grand Prix,interlagos,2023-11-05,albon,ALB,williams,13,19,0.0,Retired
2023,20,São Paulo Grand Prix,interlagos,2023-11-05,leclerc,LEC,ferrari,2,20,0.0,Did not start
2023,21,Las Vegas Grand Prix,vegas,2023-11-19,max_verstappen,VER,red_bull,2,1,25.0,Finished
2023,21,Las Vegas Grand Prix,vegas,2023-11-19,leclerc,LEC,ferrari,1,2,18.0,Finished
2023,21,Las Vegas Grand Prix,vegas,2023-11-19,perez,PER,red_bull,11,3,15.0,Finished
2023,21,Las Vegas Grand Prix,vegas,2023-11-19,ocon,OCO,alpine,16,4,12.0,Finished
2023,21,Las Vegas Grand Prix,vegas,2023-11-19,stroll,STR,aston_martin,19,5,10.0,Finished
2023,21,Las Vegas Grand Prix,vegas,2023-11-19,sainz,SAI,ferrari,12,6,8.0,Finished
2023,21,Las Vegas Grand Prix,vegas,2023-11-19,hamilton,HAM,mercedes,10,7,6.0,Finished
2023,21,Las Vegas Grand Prix,vegas,2023-11-19,russell,RUS,mercedes,3,8,4.0,Finished
2023,21,Las Vegas Grand Prix,vegas,2023-11-19,alonso,ALO,aston_martin,9,9,2.0,Finished
2023,21,Las Vegas Grand Prix,vegas,2023-11-19,piastri,PIA,mclaren,18,10,2.0,Finished
2023,21,Las Vegas Grand Prix,vegas,2023-11-19,gasly,GAS,alpine,4,11,0.0,Finished
2023,21,Las Vegas Grand Prix,vegas,2023-11-19,albon,ALB,williams,5,12,0.0,Finished
2023,21,Las Vegas Grand Prix,vegas,2023-11-19,kevin_magnussen,MAG,haas,8,13,0.0,Finished
2023,21,Las Vegas Grand Prix,vegas,2023-11-19,ricciardo,RIC,alphatauri,14,14,0.0,Finished
2023,21,Las Vegas Grand Prix,vegas,2023-11-19,zhou,ZHO,alfa,17,15,0.0,Finished
2023,21,Las Vegas Grand Prix,vegas,2023-11-19,sargeant,SAR,williams,6,16,0.0,Finished
2023,21,Las Vegas Grand Prix,vegas,2023-11-19,bottas,BOT,alfa,7,17,0.0,Finished
2023,21,Las Vegas Grand Prix,vegas,2023-11-19,tsunoda,TSU,alphatauri,20,18,0.0,Retired
2023,21,Las Vegas Grand Prix,vegas,2023-11-19,hulkenberg,HUL,haas,13,19,0.0,Retired
2023,21,Las Vegas Grand Prix,vegas,2023-11-19,norris,NOR,mclaren,15,20,0.0,Retired
2023,22,Abu Dhabi Grand Prix,yas_marina,2023-11-26,max_verstappen,VER,red_bull,1,1,26.0,Finished
2023,22,Abu Dhabi Grand Prix,yas_marina,2023-11-26,leclerc,LEC,ferrari,2,2,18.0,Finished
2023,22,Abu Dhabi Grand Prix,yas_marina,2023-11-26,russell,RUS,mercedes,4,3,15.0,Finished
2023,22,Abu Dhabi Grand Prix,yas_marina,2023-11-26,perez,PER,red_bull,9,4,12.0,Finished
2023,22,Abu Dhabi Grand Prix,yas_marina,2023-11-26,norris,NOR,mclaren,5,5,10.0,Finished
2023,22,Abu Dhabi Grand Prix,yas_marina,2023-11-26,piastri,PIA,mclaren,3,6,8.0,Finished
2023,22,Abu Dhabi Grand Prix,yas_marina,2023-11-26,alonso,ALO,aston_martin,7,7,6.0,Finished
2023,22,Abu Dhabi Grand Prix,yas_marina,2023-11-26,tsunoda,TSU,alphatauri,6,8,4.0,Finished
2023,22,Abu Dhabi Grand Prix,yas_marina,2023-11-26,hamilton,HAM,mercedes,11,9,2.0,Finished
2023,22,Abu Dhabi Grand Prix,yas_marina,2023-11-26,stroll,STR,aston_martin,13,10,1.0,Finished
2023,22,Abu Dhabi Grand Prix,yas_marina,2023-11-26,ricciardo,RIC,alphatauri,15,11,0.0,Finished
2023,22,Abu Dhabi Grand Prix,yas_marina,2023-11-26,ocon,OCO,alpine,12,12,0.0,Finished
2023,22,Abu Dhabi Grand Prix,yas_marina,2023-11-26,gasly,GAS,alpine,10,13,0.0,Finished
2023,22,Abu Dhabi Grand Prix,yas_marina,2023-11-26,albon,ALB,williams,14,14,0.0,Finished
2023,22,Abu Dhabi Grand Prix,yas_marina,2023-11-26,hulkenberg,HUL,haas,8,15,0.0,Finished
2023,22,Abu Dhabi Grand Prix,yas_marina,2023-11-26,sargeant,SAR,williams,20,16,0.0,Finished
2023,22,Abu Dhabi Grand Prix,yas_marina,2023-11-26,zhou,ZHO,alfa,19,17,0.0,Finished
2023,22,Abu Dhabi Grand Prix,yas_marina,2023-11-26,sainz,SAI,ferrari,16,18,0.0,Retired
2023,22,Abu Dhabi Grand Prix,yas_marina,2023-11-26,bottas,BOT,alfa,18,19,0.0,Lapped
2023,22,Abu Dhabi Grand Prix,yas_marina,2023-11-26,kevin_magnussen,MAG,haas,17,20,0.0,Lapped
2024,1,Bahrain Grand Prix,bahrain,2024-03-02,max_verstappen,VER,red_bull,1,1,26.0,Finished
2024,1,Bahrain Grand Prix,bahrain,2024-03-02,perez,PER,red_bull,5,2,18.0,Finished
2024,1,Bahrain Grand Prix,bahrain,2024-03-02,sainz,SAI,ferrari,4,3,15.0,Finished
2024,1,Bahrain Grand Prix,bahrain,2024-03-02,leclerc,LEC,ferrari,2,4,12.0,Finished
2024,1,Bahrain Grand Prix,bahrain,2024-03-02,russell,RUS,mercedes,3,5,10.0,Finished
2024,1,Bahrain Grand Prix,bahrain,2024-03-02,norris,NOR,mclaren,7,6,8.0,Finished
2024,1,Bahrain Grand Prix,bahrain,2024-03-02,hamilton,HAM,mercedes,9,7,6.0,Finished
2024,1,Bahrain Grand Prix,bahrain,2024-03-02,piastri,PIA,mclaren,8,8,4.0,Finished
2024,1,Bahrain Grand Prix,bahrain,2024-03-02,alonso,ALO,aston_martin,6,9,2.0,Finished
2024,1,Bahrain Grand Prix,bahrain,2024-03-02,stroll,STR,aston_martin,12,10,1.0,Finished
2024,1,Bahrain Grand Prix,bahrain,2024-03-02,zhou,ZHO,sauber,17,11,0.0,Lapped
2024,1,Bahrain Grand Prix,bahrain,2024-03-02,kevin_magnussen,MAG,haas,15,12,0.0,Lapped
2024,1,Bahrain Grand Prix,bahrain,2024-03-02,ricciardo,RIC,rb,14,13,0.0,Lapped
2024,1,Bahrain Grand Prix,bahrain,2024-03-02,tsunoda,TSU,rb,11,14,0.0,Lapped
2024,1,Bahrain Grand Prix,bahrain,2024-03-02,albon,ALB,williams,13,15,0.0,Lapped
2024,1,Bahrain Grand Prix,bahrain,2024-03-02,hulkenberg,HUL,haas,10,16,0.0,Lapped
2024,1,Bahrain Grand Prix,bahrain,2024-03-02,ocon,OCO,alpine,19,17,0.0,Lapped
2024,1,Bahrain Grand Prix,bahrain,2024-03-02,gasly,GAS,alpine,20,18,0.0,Lapped
2024,1,Bahrain Grand Prix,bahrain,2024-03-02,bottas,BOT,sauber,16,19,0.0,Lapped
2024,1,Bahrain Grand Prix,bahrain,2024-03-02,sargeant,SAR,williams,18,20,0.0,Lapped
2024,2,Saudi Arabian Grand Prix,jeddah,2024-03-09,max_verstappen,VER,red_bull,1,1,25.0,Finished
2024,2,Saudi Arabian Grand Prix,jeddah,2024-03-09,perez,PER,red_bull,3,2,18.0,Finished
2024,2,Saudi Arabian Grand Prix,jeddah,2024-03-09,leclerc,LEC,ferrari,2,3,16.0,Finished
2024,2,Saudi Arabian Grand Prix,jeddah,2024-03-09,piastri,PIA,mclaren,5,4,12.0,Finished
2024,2,Saudi Arabian Grand Prix,jeddah,2024-03-09,alonso,ALO,aston_martin,4,5,10.0,Finished
2024,2,Saudi Arabian Grand Prix,jeddah,2024-03-09,russell,RUS,mercedes,7,6,8.0,Finished
2024,2,Saudi Arabian Grand Prix,jeddah,2024-03-09,bearman,BEA,ferrari,11,7,6.0,Finished
2024,2,Saudi Arabian Grand Prix,jeddah,2024-03-09,norris,NOR,mclaren,6,8,4.0,Finished
2024,2,Saudi Arabian Grand Prix,jeddah,2024-03-09,hamilton,HAM,mercedes,8,9,2.0,Finished
2024,2,Saudi Arabian Grand Prix,jeddah,2024-03-09,hulkenberg,HUL,haas,15,10,1.0,Finished
2024,2,Saudi Arabian Grand Prix,jeddah,2024-03-09,albon,ALB,williams,12,11,0.0,Finished
2024,2,Saudi Arabian Grand Prix,jeddah,2024-03-09,kevin_magnussen,MAG,haas,13,12,0.0,Finished
2024,2,Saudi Arabian Grand Prix,jeddah,2024-03-09,ocon,OCO,alpine,17,13,0.0,Lapped
2024,2,Saudi Arabian Grand Prix,jeddah,2024-03-09,sargeant,SAR,williams,19,14,0.0,Lapped
2024,2,Saudi Arabian Grand Prix,jeddah,2024-03-09,tsunoda,TSU,rb,9,15,0.0,Lapped
2024,2,Saudi Arabian Grand Prix,jeddah,2024-03-09,ricciardo,RIC,rb,14,16,0.0,Lapped
2024,2,Saudi Arabian Grand Prix,jeddah,2024-03-09,bottas,BOT,sauber,16,17,0.0,Lapped
2024,2,Saudi Arabian Grand Prix,jeddah,2024-03-09,zhou,ZHO,sauber,20,18,0.0,Lapped
2024,2,Saudi Arabian Grand Prix,jeddah,2024-03-09,stroll,STR,aston_martin,10,19,0.0,Retired
2024,2,Saudi Arabian Grand Prix,jeddah,2024-03-09,gasly,GAS,alpine,18,20,0.0,Retired
2024,3,Australian Grand Prix,albert_park,2024-03-24,sainz,SAI,ferrari,2,1,25.0,Finished
2024,3,Australian Grand Prix,albert_park,2024-03-24,leclerc,LEC,ferrari,4,2,19.0,Finished
2024,3,Australian Grand Prix,albert_park,2024-03-24,norris,NOR,mclaren,3,3,15.0,Finished
2024,3,Australian Grand Prix,albert_park,2024-03-24,piastri,PIA,mclaren,5,4,12.0,Finished
2024,3,Australian Grand Prix,albert_park,2024-03-24,perez,PER,red_bull,6,5,10.0,Finished
2024,3,Australian Grand Prix,albert_park,2024-03-24,stroll,STR,aston_martin,9,6,8.0,Finished
2024,3,Australian Grand Prix,albert_park,2024-03-24,tsunoda,TSU,rb,8,7,6.0,Finished
2024,3,Australian Grand Prix,albert_park,2024-03-24,alonso,ALO,aston_martin,10,8,4.0,Finished
2024,3,Australian Grand Prix,albert_park,2024-03-24,hulkenberg,HUL,haas,16,9,2.0,Finished
2024,3,Australian Grand Prix,albert_park,2024-03-24,kevin_magnussen,MAG,haas,14,10,1.0,Lapped
2024,3,Australian Grand Prix,albert_park,2024-03-24,albon,ALB,williams,12,11,0.0,Lapped
2024,3,Australian Grand Prix,albert_park,2024-03-24,ricciardo,RIC,rb,18,12,0.0,Lapped
2024,3,Australian Grand Prix,albert_park,2024-03-24,gasly,GAS,alpine,17,13,0.0,Lapped
2024,3,Australian Grand Prix,albert_park,2024-03-24,bottas,BOT,sauber,13,14,0.0,Lapped
2024,3,Australian Grand Prix,albert_park,2024-03-24,zhou,ZHO,sauber,19,15,0.0,Lapped
2024,3,Australian Grand Prix,albert_park,2024-03-24,ocon,OCO,alpine,15,16,0.0,Lapped
2024,3,Australian Grand Prix,albert_park,2024-03-24,russell,RUS,mercedes,7,17,0.0,Retired
2024,3,Australian Grand Prix,albert_park,2024-03-24,hamilton,HAM,mercedes,11,18,0.0,Retired
2024,3,Australian Grand Prix,albert_park,2024-03-24,max_verstappen,VER,red_bull,1,19,0.0,Retired
2024,4,Japanese Grand Prix,suzuka,2024-04-07,max_verstappen,VER,red_bull,1,1,26.0,Finished
2024,4,Japanese Grand Prix,suzuka,2024-04-07,perez,PER,red_bull,2,2,18.0,Finished
2024,4,Japanese Grand Prix,suzuka,2024-04-07,sainz,SAI,ferrari,4,3,15.0,Finished
2024,4,Japanese Grand Prix,suzuka,2024-04-07,leclerc,LEC,ferrari,8,4,12.0,Finished
2024,4,Japanese Grand Prix,suzuka,2024-04-07,norris,NOR,mclaren,3,5,10.0,Finished
2024,4,Japanese Grand Prix,suzuka,2024-04-07,alonso,ALO,aston_martin,5,6,8.0,Finished
2024,4,Japanese Grand Prix,suzuka,2024-04-07,russell,RUS,mercedes,9,7,6.0,Finished
2024,4,Japanese Grand Prix,suzuka,2024-04-07,piastri,PIA,mclaren,6,8,4.0,Finished
2024,4,Japanese Grand Prix,suzuka,2024-04-07,hamilton,HAM,mercedes,7,9,2.0,Finished
2024,4,Japanese Grand Prix,suzuka,2024-04-07,tsunoda,TSU,rb,10,10,1.0,Lapped
2024,4,Japanese Grand Prix,suzuka,2024-04-07,hulkenberg,HUL,haas,12,11,0.0,Lapped
2024,4,Japanese Grand Prix,suzuka,2024-04-07,stroll,STR,aston_martin,16,12,0.0,Lapped
2024,4,Japanese Grand Prix,suzuka,2024-04-07,kevin_magnussen,MAG,haas,18,13,0.0,Lapped
2024,4,Japanese Grand Prix,suzuka,2024-04-07,bottas,BOT,sauber,13,14,0.0,Lapped
2024,4,Japanese Grand Prix,suzuka,2024-04-07,ocon,OCO,alpine,15,15,0.0,Lapped
2024,4,Japanese Grand Prix,suzuka,2024-04-07,gasly,GAS,alpine,17,16,0.0,Lapped
2024,4,Japanese Grand Prix,suzuka,2024-04-07,sargeant,SAR,williams,19,17,0.0,Lapped
2024,4,Japanese Grand Prix,suzuka,2024-04-07,zhou,ZHO,sauber,20,18,0.0,Retired
2024,4,Japanese Grand Prix,suzuka,2024-04-07,ricciardo,RIC,rb,11,19,0.0,Retired
2024,4,Japanese Grand Prix,suzuka,2024-04-07,albon,ALB,williams,14,20,0.0,Retired
2024,5,Chinese Grand Prix,shanghai,2024-04-21,max_verstappen,VER,red_bull,1,1,25.0,Finished
2024,5,Chinese Grand Prix,shanghai,2024-04-21,norris,NOR,mclaren,4,2,18.0,Finished
2024,5,Chinese Grand Prix,shanghai,2024-04-21,perez,PER,red_bull,2,3,15.0,Finished
2024,5,Chinese Grand Prix,shanghai,2024-04-21,leclerc,LEC,ferrari,6,4,12.0,Finished
2024,5,Chinese Grand Prix,shanghai,2024-04-21,sainz,SAI,ferrari,7,5,10.0,Finished
2024,5,Chinese Grand Prix,shanghai,2024-04-21,russell,RUS,mercedes,8,6,8.0,Finished
2024,5,Chinese Grand Prix,shanghai,2024-04-21,alonso,ALO,aston_martin,3,7,7.0,Finished
2024,5,Chinese Grand Prix,shanghai,2024-04-21,piastri,PIA,mclaren,5,8,4.0,Finished
2024,5,Chinese Grand Prix,shanghai,2024-04-21,hamilton,HAM,mercedes,18,9,2.0,Finished
2024,5,Chinese Grand Prix,shanghai,2024-04-21,hulkenberg,HUL,haas,9,10,1.0,Finished
2024,5,Chinese Grand Prix,shanghai,2024-04-21,ocon,OCO,alpine,13,11,0.0,Finished
2024,5,Chinese Grand Prix,shanghai,2024-04-21,albon,ALB,williams,14,12,0.0,Finished
2024,5,Chinese Grand Prix,shanghai,2024-04-21,gasly,GAS,alpine,15,13,0.0,Finished
2024,5,Chinese Grand Prix,shanghai,2024-04-21,zhou,ZHO,sauber,16,14,0.0,Finished
2024,5,Chinese Grand Prix,shanghai,2024-04-21,stroll,STR,aston_martin,11,15,0.0,Finished
2024,5,Chinese Grand Prix,shanghai,2024-04-21,kevin_magnussen,MAG,haas,17,16,0.0,Finished
2024,5,Chinese Grand Prix,shanghai,2024-04-21,sargeant,SAR,williams,20,17,0.0,Finished
2024,5,Chinese Grand Prix,shanghai,2024-04-21,ricciardo,RIC,rb,12,18,0.0,Retired
2024,5,Chinese Grand Prix,shanghai,2024-04-21,tsunoda,TSU,rb,19,19,0.0,Retired
2024,5,Chinese Grand Prix,shanghai,2024-04-21,bottas,BOT,sauber,10,20,0.0,Retired
2024,6,Miami Grand Prix,miami,2024-05-05,norris,NOR,mclaren,5,1,25.0,Finished
2024,6,Miami Grand Prix,miami,2024-05-05,max_verstappen,VER,red_bull,1,2,18.0,Finished
2024,6,Miami Grand Prix,miami,2024-05-05,leclerc,LEC,ferrari,2,3,15.0,Finished
2024,6,Miami Grand Prix,miami,2024-05-05,perez,PER,red_bull,4,4,12.0,Finished
2024,6,Miami Grand Prix,miami,2024-05-05,sainz,SAI,ferrari,3,5,10.0,Finished
2024,6,Miami Grand Prix,miami,2024-05-05,hamilton,HAM,mercedes,8,6,8.0,Finished
2024,6,Miami Grand Prix,miami,2024-05-05,tsunoda,TSU,rb,10,7,6.0,Finished
2024,6,Miami Grand Prix,miami,2024-05-05,russell,RUS,mercedes,7,8,4.0,Finished
2024,6,Miami Grand Prix,miami,2024-05-05,alonso,ALO,aston_martin,15,9,2.0,Finished
2024,6,Miami Grand Prix,miami,2024-05-05,ocon,OCO,alpine,13,10,1.0,Finished
2024,6,Miami Grand Prix,miami,2024-05-05,hulkenberg,HUL,haas,9,11,0.0,Finished
2024,6,Miami Grand Prix,miami,2024-05-05,gasly,GAS,alpine,12,12,0.0,Finished
2024,6,Miami Grand Prix,miami,2024-05-05,piastri,PIA,mclaren,6,13,0.0,Finished
2024,6,Miami Grand Prix,miami,2024-05-05,zhou,ZHO,sauber,19,14,0.0,Finished
2024,6,Miami Grand Prix,miami,2024-05-05,ricciardo,RIC,rb,20,15,0.0,Finished
2024,6,Miami Grand Prix,miami,2024-05-05,bottas,BOT,sauber,16,16,0.0,Finished
2024,6,Miami Grand Prix,miami,2024-05-05,stroll,STR,aston_martin,11,17,0.0,Finished
2024,6,Miami Grand Prix,miami,2024-05-05,albon,ALB,williams,14,18,0.0,Finished
2024,6,Miami Grand Prix,miami,2024-05-05,kevin_magnussen,MAG,haas,18,19,0.0,Finished
2024,6,Miami Grand Prix,miami,2024-05-05,sargeant,SAR,williams,17,20,0.0,Retired
2024,7,Emilia Romagna Grand Prix,imola,2024-05-19,max_verstappen,VER,red_bull,1,1,25.0,Finished
2024,7,Emilia Romagna Grand Prix,imola,2024-05-19,norris,NOR,mclaren,2,2,18.0,Finished
2024,7,Emilia Romagna Grand Prix,imola,2024-05-19,leclerc,LEC,ferrari,3,3,15.0,Finished
2024,7,Emilia Romagna Grand Prix,imola,2024-05-19,piastri,PIA,mclaren,5,4,12.0,Finished
2024,7,Emilia Romagna Grand Prix,imola,2024-05-19,sainz,SAI,ferrari,4,5,10.0,Finished
2024,7,Emilia Romagna Grand Prix,imola,2024-05-19,hamilton,HAM,mercedes,8,6,8.0,Finished
2024,7,Emilia Romagna Grand Prix,imola,2024-05-19,russell,RUS,mercedes,6,7,7.0,Finished
2024,7,Emilia Romagna Grand Prix,imola,2024-05-19,perez,PER,red_bull,11,8,4.0,Finished
2024,7,Emilia Romagna Grand Prix,imola,2024-05-19,stroll,STR,aston_martin,13,9,2.0,Finished
2024,7,Emilia Romagna Grand Prix,imola,2024-05-19,tsunoda,TSU,rb,7,10,1.0,Lapped
2024,7,Emilia Romagna Grand Prix,imola,2024-05-19,hulkenberg,HUL,haas,10,11,0.0,Lapped
2024,7,Emilia Romagna Grand Prix,imola,2024-05-19,kevin_magnussen,MAG,haas,18,12,0.0,Lapped
2024,7,Emilia Romagna Grand Prix,imola,2024-05-19,ricciardo,RIC,rb,9,13,0.0,Lapped
2024,7,Emilia Romagna Grand Prix,imola,2024-05-19,ocon,OCO,alpine,12,14,0.0,Lapped
2024,7,Emilia Romagna Grand Prix,imola,2024-05-19,zhou,ZHO,sauber,17,15,0.0,Lapped
2024,7,Emilia Romagna Grand Prix,imola,2024-05-19,gasly,GAS,alpine,15,16,0.0,Lapped
2024,7,Emilia Romagna Grand Prix,imola,2024-05-19,sargeant,SAR,williams,19,17,0.0,Lapped
2024,7,Emilia Romagna Grand Prix,imola,2024-05-19,bottas,BOT,sauber,16,18,0.0,Lapped
2024,7,Emilia Romagna Grand Prix,imola,2024-05-19,alonso,ALO,aston_martin,20,19,0.0,Lapped
2024,7,Emilia Romagna Grand Prix,imola,2024-05-19,albon,ALB,williams,14,20,0.0,Retired
2024,8,Monaco Grand Prix,monaco,2024-05-26,leclerc,LEC,ferrari,1,1,25.0,Finished
2024,8,Monaco Grand Prix,monaco,2024-05-26,piastri,PIA,mclaren,2,2,18.0,Finished
2024,8,Monaco Grand Prix,monaco,2024-05-26,sainz,SAI,ferrari,3,3,15.0,Finished
2024,8,Monaco Grand Prix,monaco,2024-05-26,norris,NOR,mclaren,4,4,12.0,Finished
2024,8,Monaco Grand Prix,monaco,2024-05-26,russell,RUS,mercedes,5,5,10.0,Finished
2024,8,Monaco Grand Prix,monaco,2024-05-26,max_verstappen,VER,red_bull,6,6,8.0,Finished
2024,8,Monaco Grand Prix,monaco,2024-05-26,hamilton,HAM,mercedes,7,7,7.0,Finished
2024,8,Monaco Grand Prix,monaco,2024-05-26,tsunoda,TSU,rb,8,8,4.0,Lapped
2024,8,Monaco Grand Prix,monaco,2024-05-26,albon,ALB,williams,9,9,2.0,Lapped
2024,8,Monaco Grand Prix,monaco,2024-05-26,gasly,GAS,alpine,10,10,1.0,Lapped
2024,8,Monaco Grand Prix,monaco,2024-05-26,alonso,ALO,aston_martin,14,11,0.0,Lapped
2024,8,Monaco Grand Prix,monaco,2024-05-26,ricciardo,RIC,rb,12,12,0.0,Lapped
2024,8,Monaco Grand Prix,monaco,2024-05-26,bottas,BOT,sauber,17,13,0.0,Lapped
2024,8,Monaco Grand Prix,monaco,2024-05-26,stroll,STR,aston_martin,13,14,0.0,Lapped
2024,8,Monaco Grand Prix,monaco,2024-05-26,sargeant,SAR,williams,15,15,0.0,Lapped
2024,8,Monaco Grand Prix,monaco,2024-05-26,zhou,ZHO,sauber,18,16,0.0,Lapped
2024,8,Monaco Grand Prix,monaco,2024-05-26,ocon,OCO,alpine,11,17,0.0,Retired
2024,8,Monaco Grand Prix,monaco,2024-05-26,perez,PER,red_bull,16,18,0.0,Retired
2024,8,Monaco Grand Prix,monaco,2024-05-26,hulkenberg,HUL,haas,19,19,0.0,Retired
2024,8,Monaco Grand Prix,monaco,2024-05-26,kevin_magnussen,MAG,haas,20,20,0.0,Retired
2024,9,Canadian Grand Prix,villeneuve,2024-06-09,max_verstappen,VER,red_bull,2,1,25.0,Finished
2024,9,Canadian Grand Prix,villeneuve,2024-06-09,norris,NOR,mclaren,3,2,18.0,Finished
2024,9,Canadian Grand Prix,villeneuve,2024-06-09,russell,RUS,mercedes,1,3,15.0,Finished
2024,9,Canadian Grand Prix,villeneuve,2024-06-09,hamilton,HAM,mercedes,7,4,13.0,Finished
2024,9,Canadian Grand Prix,villeneuve,2024-06-09,piastri,PIA,mclaren,4,5,10.0,Finished
2024,9,Canadian Grand Prix,villeneuve,2024-06-09,alonso,ALO,aston_martin,6,6,8.0,Finished
2024,9,Canadian Grand Prix,villeneuve,2024-06-09,stroll,STR,aston_martin,9,7,6.0,Finished
2024,9,Canadian Grand Prix,villeneuve,2024-06-09,ricciardo,RIC,rb,5,8,4.0,Finished
2024,9,Canadian Grand Prix,villeneuve,2024-06-09,gasly,GAS,alpine,15,9,2.0,Finished
2024,9,Canadian Grand Prix,villeneuve,2024-06-09,ocon,OCO,alpine,18,10,1.0,Finished
2024,9,Canadian Grand Prix,villeneuve,2024-06-09,hulkenberg,HUL,haas,17,11,0.0,Finished
2024,9,Canadian Grand Prix,villeneuve,2024-06-09,kevin_magnussen,MAG,haas,14,12,0.0,Finished
2024,9,Canadian Grand Prix,villeneuve,2024-06-09,bottas,BOT,sauber,19,13,0.0,Finished
2024,9,Canadian Grand Prix,villeneuve,2024-06-09,tsunoda,TSU,rb,8,14,0.0,Finished
2024,9,Canadian Grand Prix,villeneuve,2024-06-09,zhou,ZHO,sauber,20,15,0.0,Lapped
2024,9,Canadian Grand Prix,villeneuve,2024-06-09,sainz,SAI,ferrari,12,16,0.0,Retired
2024,9,Canadian Grand Prix,villeneuve,2024-06-09,albon,ALB,williams,10,17,0.0,Retired
2024,9,Canadian Grand Prix,villeneuve,2024-06-09,perez,PER,red_bull,16,18,0.0,Retired
2024,9,Canadian Grand Prix,villeneuve,2024-06-09,leclerc,LEC,ferrari,11,19,0.0,Retired
2024,9,Canadian Grand Prix,villeneuve,2024-06-09,sargeant,SAR,williams,13,20,0.0,Retired
2024,10,Spanish Grand Prix,catalunya,2024-06-23,max_verstappen,VER,red_bull,2,1,25.0,Finished
2024,10,Spanish Grand Prix,catalunya,2024-06-23,norris,NOR,mclaren,1,2,19.0,Finished
2024,10,Spanish Grand Prix,catalunya,2024-06-23,hamilton,HAM,mercedes,3,3,15.0,Finished
2024,10,Spanish Grand Prix,catalunya,2024-06-23,russell,RUS,mercedes,4,4,12.0,Finished
2024,10,Spanish Grand Prix,catalunya,2024-06-23,leclerc,LEC,ferrari,5,5,10.0,Finished
2024,10,Spanish Grand Prix,catalunya,2024-06-23,sainz,SAI,ferrari,6,6,8.0,Finished
2024,10,Spanish Grand Prix,catalunya,2024-06-23,piastri,PIA,mclaren,9,7,6.0,Finished
2024,10,Spanish Grand Prix,catalunya,2024-06-23,perez,PER,red_bull,11,8,4.0,Finished
2024,10,Spanish Grand Prix,catalunya,2024-06-23,gasly,GAS,alpine,7,9,2.0,Finished
2024,10,Spanish Grand Prix,catalunya,2024-06-23,ocon,OCO,alpine,8,10,1.0,Finished
2024,10,Spanish Grand Prix,catalunya,2024-06-23,hulkenberg,HUL,haas,13,11,0.0,Finished
2024,10,Spanish Grand Prix,catalunya,2024-06-23,alonso,ALO,aston_martin,10,12,0.0,Lapped
2024,10,Spanish Grand Prix,catalunya,2024-06-23,zhou,ZHO,sauber,15,13,0.0,Lapped
2024,10,Spanish Grand Prix,catalunya,2024-06-23,stroll,STR,aston_martin,14,14,0.0,Lapped
2024,10,Spanish Grand Prix,catalunya,2024-06-23,ricciardo,RIC,rb,18,15,0.0,Lapped
2024,10,Spanish Grand Prix,catalunya,2024-06-23,bottas,BOT,sauber,12,16,0.0,Lapped
2024,10,Spanish Grand Prix,catalunya,2024-06-23,kevin_magnussen,MAG,haas,16,17,0.0,Lapped
2024,10,Spanish Grand Prix,catalunya,2024-06-23,albon,ALB,williams,20,18,0.0,Lapped
2024,10,Spanish Grand Prix,catalunya,2024-06-23,tsunoda,TSU,rb,17,19,0.0,Lapped
2024,10,Spanish Grand Prix,catalunya,2024-06-23,sargeant,SAR,williams,19,20,0.0,Lapped
2024,11,Austrian Grand Prix,red_bull_ring,2024-06-30,russell,RUS,mercedes,3,1,25.0,Finished
2024,11,Austrian Grand Prix,red_bull_ring,2024-06-30,piastri,PIA,mclaren,7,2,18.0,Finished
2024,11,Austrian Grand Prix,red_bull_ring,2024-06-30,sainz,SAI,ferrari,4,3,15.0,Finished
2024,11,Austrian Grand Prix,red_bull_ring,2024-06-30,hamilton,HAM,mercedes,5,4,12.0,Finished
2024,11,Austrian Grand Prix,red_bull_ring,2024-06-30,max_verstappen,VER,red_bull,1,5,10.0,Finished
2024,11,Austrian Grand Prix,red_bull_ring,2024-06-30,hulkenberg,HUL,haas,9,6,8.0,Finished
2024,11,Austrian Grand Prix,red_bull_ring,2024-06-30,perez,PER,red_bull,8,7,6.0,Finished
2024,11,Austrian Grand Prix,red_bull_ring,2024-06-30,kevin_magnussen,MAG,haas,12,8,4.0,Finished
2024,11,Austrian Grand Prix,red_bull_ring,2024-06-30,ricciardo,RIC,rb,11,9,2.0,Finished
2024,11,Austrian Grand Prix,red_bull_ring,2024-06-30,gasly,GAS,alpine,13,10,1.0,Finished
2024,11,Austrian Grand Prix,red_bull_ring,2024-06-30,leclerc,LEC,ferrari,6,11,0.0,Finished
2024,11,Austrian Grand Prix,red_bull_ring,2024-06-30,ocon,OCO,alpine,10,12,0.0,Finished
2024,11,Austrian Grand Prix,red_bull_ring,2024-06-30,stroll,STR,aston_martin,17,13,0.0,Lapped
2024,11,Austrian Grand Prix,red_bull_ring,2024-06-30,tsunoda,TSU,rb,14,14,0.0,Lapped
2024,11,Austrian Grand Prix,red_bull_ring,2024-06-30,albon,ALB,williams,16,15,0.0,Lapped
2024,11,Austrian Grand Prix,red_bull_ring,2024-06-30,bottas,BOT,sauber,18,16,0.0,Lapped
2024,11,Austrian Grand Prix,red_bull_ring,2024-06-30,zhou,ZHO,sauber,20,17,0.0,Lapped
2024,11,Austrian Grand Prix,red_bull_ring,2024-06-30,alonso,ALO,aston_martin,15,18,0.0,Lapped
2024,11,Austrian Grand Prix,red_bull_ring,2024-06-30,sargeant,SAR,williams,19,19,0.0,Lapped
2024,11,Austrian Grand Prix,red_bull_ring,2024-06-30,norris,NOR,mclaren,2,20,0.0,Lapped
2024,12,British Grand Prix,silverstone,2024-07-07,hamilton,HAM,mercedes,2,1,25.0,Finished
2024,12,British Grand Prix,silverstone,2024-07-07,max_verstappen,VER,red_bull,4,2,18.0,Finished
2024,12,British Grand Prix,silverstone,2024-07-07,norris,NOR,mclaren,3,3,15.0,Finished
2024,12,British Grand Prix,silverstone,2024-07-07,piastri,PIA,mclaren,5,4,12.0,Finished
2024,12,British Grand Prix,silverstone,2024-07-07,sainz,SAI,ferrari,7,5,11.0,Finished
2024,12,British Grand Prix,silverstone,2024-07-07,hulkenberg,HUL,haas,6,6,8.0,Finished
2024,12,British Grand Prix,silverstone,2024-07-07,stroll,STR,aston_martin,8,7,6.0,Finished
2024,12,British Grand Prix,silverstone,2024-07-07,alonso,ALO,aston_martin,10,8,4.0,Finished
2024,12,British Grand Prix,silverstone,2024-07-07,albon,ALB,williams,9,9,2.0,Finished
2024,12,British Grand Prix,silverstone,2024-07-07,tsunoda,TSU,rb,13,10,1.0,Finished
2024,12,British Grand Prix,silverstone,2024-07-07,sargeant,SAR,williams,12,11,0.0,Finished
2024,12,British Grand Prix,silverstone,2024-07-07,kevin_magnussen,MAG,haas,17,12,0.0,Finished
2024,12,British Grand Prix,silverstone,2024-07-07,ricciardo,RIC,rb,15,13,0.0,Lapped
2024,12,British Grand Prix,silverstone,2024-07-07,leclerc,LEC,ferrari,11,14,0.0,Lapped
2024,12,British Grand Prix,silverstone,2024-07-07,bottas,BOT,sauber,16,15,0.0,Lapped
2024,12,British Grand Prix,silverstone,2024-07-07,ocon,OCO,alpine,18,16,0.0,Lapped
2024,12,British Grand Prix,silverstone,2024-07-07,perez,PER,red_bull,20,17,0.0,Lapped
2024,12,British Grand Prix,silverstone,2024-07-07,zhou,ZHO,sauber,14,18,0.0,Lapped
2024,12,British Grand Prix,silverstone,2024-07-07,russell,RUS,mercedes,1,19,0.0,Retired
2024,12,British Grand Prix,silverstone,2024-07-07,gasly,GAS,alpine,19,20,0.0,Did not start
2024,13,Hungarian Grand Prix,hungaroring,2024-07-21,piastri,PIA,mclaren,2,1,25.0,Finished
2024,13,Hungarian Grand Prix,hungaroring,2024-07-21,norris,NOR,mclaren,1,2,18.0,Finished
2024,13,Hungarian Grand Prix,hungaroring,2024-07-21,hamilton,HAM,mercedes,5,3,15.0,Finished
2024,13,Hungarian Grand Prix,hungaroring,2024-07-21,leclerc,LEC,ferrari,6,4,12.0,Finished
2024,13,Hungarian Grand Prix,hungaroring,2024-07-21,max_verstappen,VER,red_bull,3,5,10.0,Finished
2024,13,Hungarian Grand Prix,hungaroring,2024-07-21,sainz,SAI,ferrari,4,6,8.0,Finished
2024,13,Hungarian Grand Prix,hungaroring,2024-07-21,perez,PER,red_bull,16,7,6.0,Finished
2024,13,Hungarian Grand Prix,hungaroring,2024-07-21,russell,RUS,mercedes,17,8,5.0,Finished
2024,13,Hungarian Grand Prix,hungaroring,2024-07-21,tsunoda,TSU,rb,10,9,2.0,Finished
2024,13,Hungarian Grand Prix,hungaroring,2024-07-21,stroll,STR,aston_martin,8,10,1.0,Finished
2024,13,Hungarian Grand Prix,hungaroring,2024-07-21,alonso,ALO,aston_martin,7,11,0.0,Finished
2024,13,Hungarian Grand Prix,hungaroring,2024-07-21,ricciardo,RIC,rb,9,12,0.0,Lapped
2024,13,Hungarian Grand Prix,hungaroring,2024-07-21,hulkenberg,HUL,haas,11,13,0.0,Lapped
2024,13,Hungarian Grand Prix,hungaroring,2024-07-21,albon,ALB,williams,13,14,0.0,Lapped
2024,13,Hungarian Grand Prix,hungaroring,2024-07-21,kevin_magnussen,MAG,haas,15,15,0.0,Lapped
2024,13,Hungarian Grand Prix,hungaroring,2024-07-21,bottas,BOT,sauber,12,16,0.0,Lapped
2024,13,Hungarian Grand Prix,hungaroring,2024-07-21,sargeant,SAR,williams,14,17,0.0,Lapped
2024,13,Hungarian Grand Prix,hungaroring,2024-07-21,ocon,OCO,alpine,19,18,0.0,Lapped
2024,13,Hungarian Grand Prix,hungaroring,2024-07-21,zhou,ZHO,sauber,18,19,0.0,Lapped
2024,13,Hungarian Grand Prix,hungaroring,2024-07-21,gasly,GAS,alpine,20,20,0.0,Retired
2024,14,Belgian Grand Prix,spa,2024-07-28,hamilton,HAM,mercedes,3,1,25.0,Finished
2024,14,Belgian Grand Prix,spa,2024-07-28,piastri,PIA,mclaren,5,2,18.0,Finished
2024,14,Belgian Grand Prix,spa,2024-07-28,leclerc,LEC,ferrari,1,3,15.0,Finished
2024,14,Belgian Grand Prix,spa,2024-07-28,max_verstappen,VER,red_bull,11,4,12.0,Finished
2024,14,Belgian Grand Prix,spa,2024-07-28,norris,NOR,mclaren,4,5,10.0,Finished
2024,14,Belgian Grand Prix,spa,2024-07-28,sainz,SAI,ferrari,7,6,8.0,Finished
2024,14,Belgian Grand Prix,spa,2024-07-28,perez,PER,red_bull,2,7,7.0,Finished
2024,14,Belgian Grand Prix,spa,2024-07-28,alonso,ALO,aston_martin,8,8,4.0,Finished
2024,14,Belgian Grand Prix,spa,2024-07-28,ocon,OCO,alpine,9,9,2.0,Finished
2024,14,Belgian Grand Prix,spa,2024-07-28,ricciardo,RIC,rb,13,10,1.0,Finished
2024,14,Belgian Grand Prix,spa,2024-07-28,stroll,STR,aston_martin,15,11,0.0,Finished
2024,14,Belgian Grand Prix,spa,2024-07-28,albon,ALB,williams,10,12,0.0,Finished
2024,14,Belgian Grand Prix,spa,2024-07-28,gasly,GAS,alpine,12,13,0.0,Finished
2024,14,Belgian Grand Prix,spa,2024-07-28,kevin_magnussen,MAG,haas,17,14,0.0,Finished
2024,14,Belgian Grand Prix,spa,2024-07-28,bottas,BOT,sauber,14,15,0.0,Finished
2024,14,Belgian Grand Prix,spa,2024-07-28,tsunoda,TSU,rb,20,16,0.0,Finished
2024,14,Belgian Grand Prix,spa,2024-07-28,sargeant,SAR,williams,18,17,0.0,Finished
2024,14,Belgian Grand Prix,spa,2024-07-28,hulkenberg,HUL,haas,16,18,0.0,Finished
2024,14,Belgian Grand Prix,spa,2024-07-28,zhou,ZHO,sauber,19,19,0.0,Retired
2024,14,Belgian Grand Prix,spa,2024-07-28,russell,RUS,mercedes,6,20,0.0,Disqualified
2024,15,Dutch Grand Prix,zandvoort,2024-08-25,norris,NOR,mclaren,1,1,26.0,Finished
2024,15,Dutch Grand Prix,zandvoort,2024-08-25,max_verstappen,VER,red_bull,2,2,18.0,Finished
2024,15,Dutch Grand Prix,zandvoort,2024-08-25,leclerc,LEC,ferrari,6,3,15.0,Finished
2024,15,Dutch Grand Prix,zandvoort,2024-08-25,piastri,PIA,mclaren,3,4,12.0,Finished
2024,15,Dutch Grand Prix,zandvoort,2024-08-25,sainz,SAI,ferrari,10,5,10.0,Finished
2024,15,Dutch Grand Prix,zandvoort,2024-08-25,perez,PER,red_bull,5,6,8.0,Finished
2024,15,Dutch Grand Prix,zandvoort,2024-08-25,russell,RUS,mercedes,4,7,6.0,Finished
2024,15,Dutch Grand Prix,zandvoort,2024-08-25,hamilton,HAM,mercedes,14,8,4.0,Finished
2024,15,Dutch Grand Prix,zandvoort,2024-08-25,gasly,GAS,alpine,9,9,2.0,Lapped
2024,15,Dutch Grand Prix,zandvoort,2024-08-25,alonso,ALO,aston_martin,7,10,1.0,Lapped
2024,15,Dutch Grand Prix,zandvoort,2024-08-25,hulkenberg,HUL,haas,12,11,0.0,Lapped
2024,15,Dutch Grand Prix,zandvoort,2024-08-25,ricciardo,RIC,rb,13,12,0.0,Lapped
2024,15,Dutch Grand Prix,zandvoort,2024-08-25,stroll,STR,aston_martin,8,13,0.0,Lapped
2024,15,Dutch Grand Prix,zandvoort,2024-08-25,albon,ALB,williams,19,14,0.0,Lapped
2024,15,Dutch Grand Prix,zandvoort,2024-08-25,ocon,OCO,alpine,15,15,0.0,Lapped
2024,15,Dutch Grand Prix,zandvoort,2024-08-25,sargeant,SAR,williams,18,16,0.0,Lapped
2024,15,Dutch Grand Prix,zandvoort,2024-08-25,tsunoda,TSU,rb,11,17,0.0,Lapped
2024,15,Dutch Grand Prix,zandvoort,2024-08-25,kevin_magnussen,MAG,haas,20,18,0.0,Lapped
2024,15,Dutch Grand Prix,zandvoort,2024-08-25,bottas,BOT,sauber,16,19,0.0,Lapped
2024,15,Dutch Grand Prix,zandvoort,2024-08-25,zhou,ZHO,sauber,17,20,0.0,Lapped
2024,16,Italian Grand Prix,monza,2024-09-01,leclerc,LEC,ferrari,4,1,25.0,Finished
2024,16,Italian Grand Prix,monza,2024-09-01,piastri,PIA,mclaren,2,2,18.0,Finished
2024,16,Italian Grand Prix,monza,2024-09-01,norris,NOR,mclaren,1,3,16.0,Finished
2024,16,Italian Grand Prix,monza,2024-09-01,sainz,SAI,ferrari,5,4,12.0,Finished
2024,16,Italian Grand Prix,monza,2024-09-01,hamilton,HAM,mercedes,6,5,10.0,Finished
2024,16,Italian Grand Prix,monza,2024-09-01,max_verstappen,VER,red_bull,7,6,8.0,Finished
2024,16,Italian Grand Prix,monza,2024-09-01,russell,RUS,mercedes,3,7,6.0,Finished
2024,16,Italian Grand Prix,monza,2024-09-01,perez,PER,red_bull,8,8,4.0,Finished
2024,16,Italian Grand Prix,monza,2024-09-01,albon,ALB,williams,9,9,2.0,Finished
2024,16,Italian Grand Prix,monza,2024-09-01,kevin_magnussen,MAG,haas,13,10,1.0,Finished
2024,16,Italian Grand Prix,monza,2024-09-01,alonso,ALO,aston_martin,11,11,0.0,Finished
2024,16,Italian Grand Prix,monza,2024-09-01,colapinto,COL,williams,18,12,0.0,Finished
2024,16,Italian Grand Prix,monza,2024-09-01,ricciardo,RIC,rb,12,13,0.0,Finished
2024,16,Italian Grand Prix,monza,2024-09-01,ocon,OCO,alpine,15,14,0.0,Lapped
2024,16,Italian Grand Prix,monza,2024-09-01,gasly,GAS,alpine,14,15,0.0,Lapped
2024,16,Italian Grand Prix,monza,2024-09-01,bottas,BOT,sauber,19,16,0.0,Lapped
2024,16,Italian Grand Prix,monza,2024-09-01,hulkenberg,HUL,haas,10,17,0.0,Lapped
2024,16,Italian Grand Prix,monza,2024-09-01,zhou,ZHO,sauber,20,18,0.0,Lapped
2024,16,Italian Grand Prix,monza,2024-09-01,stroll,STR,aston_martin,17,19,0.0,Lapped
2024,16,Italian Grand Prix,monza,2024-09-01,tsunoda,TSU,rb,16,20,0.0,Retired
2024,17,Azerbaijan Grand Prix,baku,2024-09-15,piastri,PIA,mclaren,2,1,25.0,Finished
2024,17,Azerbaijan Grand Prix,baku,2024-09-15,leclerc,LEC,ferrari,1,2,18.0,Finished
2024,17,Azerbaijan Grand Prix,baku,2024-09-15,russell,RUS,mercedes,5,3,15.0,Finished
2024,17,Azerbaijan Grand Prix,baku,2024-09-15,norris,NOR,mclaren,15,4,13.0,Finished
2024,17,Azerbaijan Grand Prix,baku,2024-09-15,max_verstappen,VER,red_bull,6,5,10.0,Finished
2024,17,Azerbaijan Grand Prix,baku,2024-09-15,alonso,ALO,aston_martin,7,6,8.0,Finished
2024,17,Azerbaijan Grand Prix,baku,2024-09-15,albon,ALB,williams,9,7,6.0,Finished
2024,17,Azerbaijan Grand Prix,baku,2024-09-15,colapinto,COL,williams,8,8,4.0,Finished
2024,17,Azerbaijan Grand Prix,baku,2024-09-15,hamilton,HAM,mercedes,19,9,2.0,Finished
2024,17,Azerbaijan Grand Prix,baku,2024-09-15,bearman,BEA,haas,10,10,1.0,Finished
2024,17,Azerbaijan Grand Prix,baku,2024-09-15,hulkenberg,HUL,haas,12,11,0.0,Finished
2024,17,Azerbaijan Grand Prix,baku,2024-09-15,gasly,GAS,alpine,18,12,0.0,Finished
2024,17,Azerbaijan Grand Prix,baku,2024-09-15,ricciardo,RIC,rb,14,13,0.0,Finished
2024,17,Azerbaijan Grand Prix,baku,2024-09-15,zhou,ZHO,sauber,17,14,0.0,Finished
2024,17,Azerbaijan Grand Prix,baku,2024-09-15,ocon,OCO,alpine,20,15,0.0,Lapped
2024,17,Azerbaijan Grand Prix,baku,2024-09-15,bottas,BOT,sauber,16,16,0.0,Lapped
2024,17,Azerbaijan Grand Prix,baku,2024-09-15,perez,PER,red_bull,4,17,0.0,Retired
2024,17,Azerbaijan Grand Prix,baku,2024-09-15,sainz,SAI,ferrari,3,18,0.0,Retired
2024,17,Azerbaijan Grand Prix,baku,2024-09-15,stroll,STR,aston_martin,13,19,0.0,Retired
2024,17,Azerbaijan Grand Prix,baku,2024-09-15,tsunoda,TSU,rb,11,20,0.0,Retired
2024,18,Singapore Grand Prix,marina_bay,2024-09-22,norris,NOR,mclaren,1,1,25.0,Finished
2024,18,Singapore Grand Prix,marina_bay,2024-09-22,max_verstappen,VER,red_bull,2,2,18.0,Finished
2024,18,Singapore Grand Prix,marina_bay,2024-09-22,piastri,PIA,mclaren,5,3,15.0,Finished
2024,18,Singapore Grand Prix,marina_bay,2024-09-22,russell,RUS,mercedes,4,4,12.0,Finished
2024,18,Singapore Grand Prix,marina_bay,2024-09-22,leclerc,LEC,ferrari,9,5,10.0,Finished
2024,18,Singapore Grand Prix,marina_bay,2024-09-22,hamilton,HAM,mercedes,3,6,8.0,Finished
2024,18,Singapore Grand Prix,marina_bay,2024-09-22,sainz,SAI,ferrari,10,7,6.0,Finished
2024,18,Singapore Grand Prix,marina_bay,2024-09-22,alonso,ALO,aston_martin,7,8,4.0,Lapped
2024,18,Singapore Grand Prix,marina_bay,2024-09-22,hulkenberg,HUL,haas,6,9,2.0,Lapped
2024,18,Singapore Grand Prix,marina_bay,2024-09-22,perez,PER,red_bull,13,10,1.0,Lapped
2024,18,Singapore Grand Prix,marina_bay,2024-09-22,colapinto,COL,williams,12,11,0.0,Lapped
2024,18,Singapore Grand Prix,marina_bay,2024-09-22,tsunoda,TSU,rb,8,12,0.0,Lapped
2024,18,Singapore Grand Prix,marina_bay,2024-09-22,ocon,OCO,alpine,15,13,0.0,Lapped
2024,18,Singapore Grand Prix,marina_bay,2024-09-22,stroll,STR,aston_martin,17,14,0.0,Lapped
2024,18,Singapore Grand Prix,marina_bay,2024-09-22,zhou,ZHO,sauber,20,15,0.0,Lapped
2024,18,Singapore Grand Prix,marina_bay,2024-09-22,bottas,BOT,sauber,19,16,0.0,Lapped
2024,18,Singapore Grand Prix,marina_bay,2024-09-22,gasly,GAS,alpine,18,17,0.0,Lapped
2024,18,Singapore Grand Prix,marina_bay,2024-09-22,ricciardo,RIC,rb,16,18,0.0,Lapped
2024,18,Singapore Grand Prix,marina_bay,2024-09-22,kevin_magnussen,MAG,haas,14,19,0.0,Retired
2024,18,Singapore Grand Prix,marina_bay,2024-09-22,albon,ALB,williams,11,20,0.0,Retired
2024,19,United States Grand Prix,americas,2024-10-20,leclerc,LEC,ferrari,4,1,25.0,Finished
2024,19,United States Grand Prix,americas,2024-10-20,sainz,SAI,ferrari,3,2,18.0,Finished
2024,19,United States Grand Prix,americas,2024-10-20,max_verstappen,VER,red_bull,2,3,15.0,Finished
2024,19,United States Grand Prix,americas,2024-10-20,norris,NOR,mclaren,1,4,12.0,Finished
2024,19,United States Grand Prix,americas,2024-10-20,piastri,PIA,mclaren,5,5,10.0,Finished
2024,19,United States Grand Prix,americas,2024-10-20,russell,RUS,mercedes,20,6,8.0,Finished
2024,19,United States Grand Prix,americas,2024-10-20,perez,PER,red_bull,9,7,6.0,Finished
2024,19,United States Grand Prix,americas,2024-10-20,hulkenberg,HUL,haas,11,8,4.0,Finished
2024,19,United States Grand Prix,americas,2024-10-20,lawson,LAW,rb,19,9,2.0,Finished
2024,19,United States Grand Prix,americas,2024-10-20,colapinto,COL,williams,15,10,1.0,Finished
2024,19,United States Grand Prix,americas,2024-10-20,kevin_magnussen,MAG,haas,8,11,0.0,Finished
2024,19,United States Grand Prix,americas,2024-10-20,gasly,GAS,alpine,6,12,0.0,Finished
2024,19,United States Grand Prix,americas,2024-10-20,alonso,ALO,aston_martin,7,13,0.0,Lapped
2024,19,United States Grand Prix,americas,2024-10-20,tsunoda,TSU,rb,10,14,0.0,Lapped
2024,19,United States Grand Prix,americas,2024-10-20,stroll,STR,aston_martin,13,15,0.0,Lapped
2024,19,United States Grand Prix,americas,2024-10-20,albon,ALB,williams,14,16,0.0,Lapped
2024,19,United States Grand Prix,americas,2024-10-20,bottas,BOT,sauber,16,17,0.0,Lapped
2024,19,United States Grand Prix,americas,2024-10-20,ocon,OCO,alpine,12,18,0.0,Lapped
2024,19,United States Grand Prix,americas,2024-10-20,zhou,ZHO,sauber,18,19,0.0,Lapped
2024,19,United States Grand Prix,americas,2024-10-20,hamilton,HAM,mercedes,17,20,0.0,Retired
2024,20,Mexico City Grand Prix,rodriguez,2024-10-27,sainz,SAI,ferrari,1,1,25.0,Finished
2024,20,Mexico City Grand Prix,rodriguez,2024-10-27,norris,NOR,mclaren,3,2,18.0,Finished
2024,20,Mexico City Grand Prix,rodriguez,2024-10-27,leclerc,LEC,ferrari,4,3,16.0,Finished
2024,20,Mexico City Grand Prix,rodriguez,2024-10-27,hamilton,HAM,mercedes,6,4,12.0,Finished
2024,20,Mexico City Grand Prix,rodriguez,2024-10-27,russell,RUS,mercedes,5,5,10.0,Finished
2024,20,Mexico City Grand Prix,rodriguez,2024-10-27,max_verstappen,VER,red_bull,2,6,8.0,Finished
2024,20,Mexico City Grand Prix,rodriguez,2024-10-27,kevin_magnussen,MAG,haas,7,7,6.0,Finished
2024,20,Mexico City Grand Prix,rodriguez,2024-10-27,piastri,PIA,mclaren,17,8,4.0,Finished
2024,20,Mexico City Grand Prix,rodriguez,2024-10-27,hulkenberg,HUL,haas,10,9,2.0,Lapped
2024,20,Mexico City Grand Prix,rodriguez,2024-10-27,gasly,GAS,alpine,8,10,1.0,Lapped
2024,20,Mexico City Grand Prix,rodriguez,2024-10-27,stroll,STR,aston_martin,14,11,0.0,Lapped
2024,20,Mexico City Grand Prix,rodriguez,2024-10-27,colapinto,COL,williams,16,12,0.0,Lapped
2024,20,Mexico City Grand Prix,rodriguez,2024-10-27,ocon,OCO,alpine,0,13,0.0,Lapped
2024,20,Mexico City Grand Prix,rodriguez,2024-10-27,bottas,BOT,sauber,15,14,0.0,Lapped
2024,20,Mexico City Grand Prix,rodriguez,2024-10-27,zhou,ZHO,sauber,19,15,0.0,Lapped
2024,20,Mexico City Grand Prix,rodriguez,2024-10-27,lawson,LAW,rb,12,16,0.0,Lapped
2024,20,Mexico City Grand Prix,rodriguez,2024-10-27,perez,PER,red_bull,18,17,0.0,Lapped
2024,20,Mexico City Grand Prix,rodriguez,2024-10-27,alonso,ALO,aston_martin,13,18,0.0,Retired
2024,20,Mexico City Grand Prix,rodriguez,2024-10-27,albon,ALB,williams,9,19,0.0,Retired
2024,20,Mexico City Grand Prix,rodriguez,2024-10-27,tsunoda,TSU,rb,11,20,0.0,Retired
2024,21,São Paulo Grand Prix,interlagos,2024-11-03,max_verstappen,VER,red_bull,17,1,26.0,Finished
2024,21,São Paulo Grand Prix,interlagos,2024-11-03,ocon,OCO,alpine,4,2,18.0,Finished
2024,21,São Paulo Grand Prix,interlagos,2024-11-03,gasly,GAS,alpine,13,3,15.0,Finished
2024,21,São Paulo Grand Prix,interlagos,2024-11-03,russell,RUS,mercedes,2,4,12.0,Finished
2024,21,São Paulo Grand Prix,interlagos,2024-11-03,leclerc,LEC,ferrari,6,5,10.0,Finished
2024,21,São Paulo Grand Prix,interlagos,2024-11-03,norris,NOR,mclaren,1,6,8.0,Finished
2024,21,São Paulo Grand Prix,interlagos,2024-11-03,tsunoda,TSU,rb,3,7,6.0,Finished
2024,21,São Paulo Grand Prix,interlagos,2024-11-03,piastri,PIA,mclaren,8,8,4.0,Finished
2024,21,São Paulo Grand Prix,interlagos,2024-11-03,lawson,LAW,rb,5,9,2.0,Finished
2024,21,São Paulo Grand Prix,interlagos,2024-11-03,hamilton,HAM,mercedes,14,10,1.0,Finished
2024,21,São Paulo Grand Prix,interlagos,2024-11-03,perez,PER,red_bull,12,11,0.0,Finished
2024,21,São Paulo Grand Prix,interlagos,2024-11-03,bearman,BEA,haas,15,12,0.0,Finished
2024,21,São Paulo Grand Prix,interlagos,2024-11-03,bottas,BOT,sauber,11,13,0.0,Finished
2024,21,São Paulo Grand Prix,interlagos,2024-11-03,alonso,ALO,aston_martin,9,14,0.0,Finished
2024,21,São Paulo Grand Prix,interlagos,2024-11-03,zhou,ZHO,sauber,19,15,0.0,Finished
2024,21,São Paulo Grand Prix,interlagos,2024-11-03,sainz,SAI,ferrari,20,16,0.0,Retired
2024,21,São Paulo Grand Prix,interlagos,2024-11-03,colapinto,COL,williams,16,17,0.0,Retired
2024,21,São Paulo Grand Prix,interlagos,2024-11-03,albon,ALB,williams,7,18,0.0,Did not start
2024,21,São Paulo Grand Prix,interlagos,2024-11-03,stroll,STR,aston_martin,10,19,0.0,Did not start
2024,21,São Paulo Grand Prix,interlagos,2024-11-03,hulkenberg,HUL,haas,18,20,0.0,Disqualified
2024,22,Las Vegas Grand Prix,vegas,2024-11-23,russell,RUS,mercedes,1,1,25.0,Finished
2024,22,Las Vegas Grand Prix,vegas,2024-11-23,hamilton,HAM,mercedes,10,2,18.0,Finished
2024,22,Las Vegas Grand Prix,vegas,2024-11-23,sainz,SAI,ferrari,2,3,15.0,Finished
2024,22,Las Vegas Grand Prix,vegas,2024-11-23,leclerc,LEC,ferrari,4,4,12.0,Finished
2024,22,Las Vegas Grand Prix,vegas,2024-11-23,max_verstappen,VER,red_bull,5,5,10.0,Finished
2024,22,Las Vegas Grand Prix,vegas,2024-11-23,norris,NOR,mclaren,6,6,9.0,Finished
2024,22,Las Vegas Grand Prix,vegas,2024-11-23,piastri,PIA,mclaren,8,7,6.0,Finished
2024,22,Las Vegas Grand Prix,vegas,2024-11-23,hulkenberg,HUL,haas,9,8,4.0,Finished
2024,22,Las Vegas Grand Prix,vegas,2024-11-23,tsunoda,TSU,rb,7,9,2.0,Finished
2024,22,Las Vegas Grand Prix,vegas,2024-11-23,perez,PER,red_bull,15,10,1.0,Finished
2024,22,Las Vegas Grand Prix,vegas,2024-11-23,alonso,ALO,aston_martin,16,11,0.0,Finished
2024,22,Las Vegas Grand Prix,vegas,2024-11-23,kevin_magnussen,MAG,haas,12,12,0.0,Finished
2024,22,Las Vegas Grand Prix,vegas,2024-11-23,zhou,ZHO,sauber,13,13,0.0,Finished
2024,22,Las Vegas Grand Prix,vegas,2024-11-23,colapinto,COL,williams,20,14,0.0,Finished
2024,22,Las Vegas Grand Prix,vegas,2024-11-23,stroll,STR,aston_martin,18,15,0.0,Finished
2024,22,Las Vegas Grand Prix,vegas,2024-11-23,lawson,LAW,rb,14,16,0.0,Finished
2024,22,Las Vegas Grand Prix,vegas,2024-11-23,ocon,OCO,alpine,11,17,0.0,Lapped
2024,22,Las Vegas Grand Prix,vegas,2024-11-23,bottas,BOT,sauber,19,18,0.0,Lapped
2024,22,Las Vegas Grand Prix,vegas,2024-11-23,albon,ALB,williams,17,19,0.0,Retired
2024,22,Las Vegas Grand Prix,vegas,2024-11-23,gasly,GAS,alpine,3,20,0.0,Retired
2024,23,Qatar Grand Prix,losail,2024-12-01,max_verstappen,VER,red_bull,2,1,25.0,Finished
2024,23,Qatar Grand Prix,losail,2024-12-01,leclerc,LEC,ferrari,5,2,18.0,Finished
2024,23,Qatar Grand Prix,losail,2024-12-01,piastri,PIA,mclaren,4,3,15.0,Finished
2024,23,Qatar Grand Prix,losail,2024-12-01,russell,RUS,mercedes,1,4,12.0,Finished
2024,23,Qatar Grand Prix,losail,2024-12-01,gasly,GAS,alpine,11,5,10.0,Finished
2024,23,Qatar Grand Prix,losail,2024-12-01,sainz,SAI,ferrari,7,6,8.0,Finished
2024,23,Qatar Grand Prix,losail,2024-12-01,alonso,ALO,aston_martin,8,7,6.0,Finished
2024,23,Qatar Grand Prix,losail,2024-12-01,zhou,ZHO,sauber,12,8,4.0,Finished
2024,23,Qatar Grand Prix,losail,2024-12-01,kevin_magnussen,MAG,haas,10,9,2.0,Finished
2024,23,Qatar Grand Prix,losail,2024-12-01,norris,NOR,mclaren,3,10,2.0,Finished
2024,23,Qatar Grand Prix,losail,2024-12-01,bottas,BOT,sauber,13,11,0.0,Finished
2024,23,Qatar Grand Prix,losail,2024-12-01,hamilton,HAM,mercedes,6,12,0.0,Finished
2024,23,Qatar Grand Prix,losail,2024-12-01,tsunoda,TSU,rb,14,13,0.0,Finished
2024,23,Qatar Grand Prix,losail,2024-12-01,lawson,LAW,rb,17,14,0.0,Finished
2024,23,Qatar Grand Prix,losail,2024-12-01,albon,ALB,williams,16,15,0.0,Lapped
2024,23,Qatar Grand Prix,losail,2024-12-01,hulkenberg,HUL,haas,18,16,0.0,Retired
2024,23,Qatar Grand Prix,losail,2024-12-01,perez,PER,red_bull,9,17,0.0,Retired
2024,23,Qatar Grand Prix,losail,2024-12-01,stroll,STR,aston_martin,15,18,0.0,Retired
2024,23,Qatar Grand Prix,losail,2024-12-01,colapinto,COL,williams,19,19,0.0,Retired
2024,23,Qatar Grand Prix,losail,2024-12-01,ocon,OCO,alpine,20,20,0.0,Retired
2024,24,Abu Dhabi Grand Prix,yas_marina,2024-12-08,norris,NOR,mclaren,1,1,25.0,Finished
2024,24,Abu Dhabi Grand Prix,yas_marina,2024-12-08,sainz,SAI,ferrari,3,2,18.0,Finished
2024,24,Abu Dhabi Grand Prix,yas_marina,2024-12-08,leclerc,LEC,ferrari,19,3,15.0,Finished
2024,24,Abu Dhabi Grand Prix,yas_marina,2024-12-08,hamilton,HAM,mercedes,16,4,12.0,Finished
2024,24,Abu Dhabi Grand Prix,yas_marina,2024-12-08,russell,RUS,mercedes,6,5,10.0,Finished
2024,24,Abu Dhabi Grand Prix,yas_marina,2024-12-08,max_verstappen,VER,red_bull,4,6,8.0,Finished
2024,24,Abu Dhabi Grand Prix,yas_marina,2024-12-08,gasly,GAS,alpine,5,7,6.0,Finished
2024,24,Abu Dhabi Grand Prix,yas_marina,2024-12-08,hulkenberg,HUL,haas,7,8,4.0,Finished
2024,24,Abu Dhabi Grand Prix,yas_marina,2024-12-08,alonso,ALO,aston_martin,8,9,2.0,Finished
2024,24,Abu Dhabi Grand Prix,yas_marina,2024-12-08,piastri,PIA,mclaren,2,10,1.0,Finished
2024,24,Abu Dhabi Grand Prix,yas_marina,2024-12-08,albon,ALB,williams,18,11,0.0,Lapped
2024,24,Abu Dhabi Grand Prix,yas_marina,2024-12-08,tsunoda,TSU,rb,11,12,0.0,Lapped
2024,24,Abu Dhabi Grand Prix,yas_marina,2024-12-08,zhou,ZHO,sauber,15,13,0.0,Lapped
2024,24,Abu Dhabi Grand Prix,yas_marina,2024-12-08,stroll,STR,aston_martin,13,14,0.0,Lapped
2024,24,Abu Dhabi Grand Prix,yas_marina,2024-12-08,doohan,DOO,alpine,17,15,0.0,Lapped
2024,24,Abu Dhabi Grand Prix,yas_marina,2024-12-08,kevin_magnussen,MAG,haas,14,16,0.0,Lapped
2024,24,Abu Dhabi Grand Prix,yas_marina,2024-12-08,lawson,LAW,rb,12,17,0.0,Retired
2024,24,Abu Dhabi Grand Prix,yas_marina,2024-12-08,bottas,BOT,sauber,9,18,0.0,Retired
2024,24,Abu Dhabi Grand Prix,yas_marina,2024-12-08,colapinto,COL,williams,20,19,0.0,Retired
2024,24,Abu Dhabi Grand Prix,yas_marina,2024-12-08,perez,PER,red_bull,10,20,0.0,Retired
